order_id,order_date,region,product,channel,units,unit_price,revenue
100001,2024-01-01,North,Quarry Core,direct,1,480.0,480.0
100002,2024-01-01,North,Bedrock Add-on,direct,1,260.0,260.0
100003,2024-01-01,East,Quarry Lite,self-serve,1,114.0,114.0
100004,2024-01-01,South,Seam Analytics,partner,3,637.5,1912.5
100005,2024-01-01,East,Bedrock Add-on,direct,1,260.0,260.0
100006,2024-01-02,East,Bedrock Add-on,partner,10,221.0,2210.0
100007,2024-01-03,West,Bedrock Add-on,direct,10,260.0,2600.0
100008,2024-01-04,West,Quarry Core,direct,1,480.0,480.0
100009,2024-01-04,East,Seam Analytics,direct,3,750.0,2250.0
100010,2024-01-04,East,Bedrock Add-on,partner,2,221.0,442.0
100011,2024-01-04,North,Quarry Core,direct,1,480.0,480.0
100012,2024-01-05,North,Bedrock Add-on,self-serve,2,247.0,494.0
100013,2024-01-07,North,Quarry Lite,direct,3,120.0,360.0
100014,2024-01-07,North,Seam Analytics,partner,5,637.5,3187.5
100015,2024-01-08,West,Quarry Core,direct,10,480.0,4800.0
100016,2024-01-08,East,Quarry Core,direct,1,480.0,480.0
100017,2024-01-09,West,Quarry Lite,self-serve,2,114.0,228.0
100018,2024-01-09,East,Seam Analytics,direct,10,750.0,7500.0
100019,2024-01-09,South,Seam Analytics,direct,1,750.0,750.0
100020,2024-01-10,East,Quarry Lite,partner,1,102.0,102.0
100021,2024-01-10,North,Quarry Core,partner,1,408.0,408.0
100022,2024-01-10,North,Quarry Lite,direct,5,120.0,600.0
100023,2024-01-11,West,Seam Analytics,self-serve,2,712.5,1425.0
100024,2024-01-11,North,Seam Analytics,self-serve,5,712.5,3562.5
100025,2024-01-12,East,Quarry Lite,direct,1,120.0,120.0
100026,2024-01-12,West,Quarry Core,direct,2,480.0,960.0
100027,2024-01-12,West,Bedrock Add-on,self-serve,1,247.0,247.0
100028,2024-01-13,East,Bedrock Add-on,partner,1,221.0,221.0
100029,2024-01-13,West,Seam Analytics,self-serve,1,712.5,712.5
100030,2024-01-14,South,Bedrock Add-on,self-serve,1,247.0,247.0
100031,2024-01-14,North,Seam Analytics,partner,1,637.5,637.5
100032,2024-01-14,East,Seam Analytics,self-serve,1,712.5,712.5
100033,2024-01-15,East,Quarry Lite,direct,5,120.0,600.0
100034,2024-01-15,North,Quarry Core,direct,5,480.0,2400.0
100035,2024-01-15,East,Seam Analytics,partner,2,637.5,1275.0
100036,2024-01-16,East,Bedrock Add-on,direct,3,260.0,780.0
100037,2024-01-16,West,Bedrock Add-on,direct,1,260.0,260.0
100038,2024-01-16,West,Seam Analytics,partner,3,637.5,1912.5
100039,2024-01-16,East,Bedrock Add-on,partner,1,221.0,221.0
100040,2024-01-17,South,Quarry Lite,direct,1,120.0,120.0
100041,2024-01-17,North,Quarry Core,self-serve,1,456.0,456.0
100042,2024-01-17,North,Quarry Core,self-serve,1,456.0,456.0
100043,2024-01-17,North,Seam Analytics,self-serve,1,712.5,712.5
100044,2024-01-17,East,Bedrock Add-on,partner,3,221.0,663.0
100045,2024-01-17,East,Quarry Lite,direct,2,120.0,240.0
100046,2024-01-18,West,Bedrock Add-on,partner,2,221.0,442.0
100047,2024-01-19,West,Quarry Core,direct,1,480.0,480.0
100048,2024-01-19,West,Quarry Lite,direct,5,120.0,600.0
100049,2024-01-19,East,Bedrock Add-on,self-serve,3,247.0,741.0
100050,2024-01-20,South,Quarry Core,direct,1,480.0,480.0
100051,2024-01-21,West,Seam Analytics,self-serve,1,712.5,712.5
100052,2024-01-21,East,Seam Analytics,partner,1,637.5,637.5
100053,2024-01-22,South,Bedrock Add-on,partner,10,221.0,2210.0
100054,2024-01-22,South,Quarry Lite,self-serve,1,114.0,114.0
100055,2024-01-23,East,Bedrock Add-on,self-serve,2,247.0,494.0
100056,2024-01-23,North,Quarry Lite,direct,1,120.0,120.0
100057,2024-01-23,South,Seam Analytics,direct,5,750.0,3750.0
100058,2024-01-23,North,Bedrock Add-on,direct,2,260.0,520.0
100059,2024-01-24,West,Seam Analytics,direct,1,750.0,750.0
100060,2024-01-24,West,Seam Analytics,partner,2,637.5,1275.0
100061,2024-01-25,West,Seam Analytics,partner,1,637.5,637.5
100062,2024-01-25,South,Quarry Core,direct,2,480.0,960.0
100063,2024-01-26,North,Bedrock Add-on,direct,1,260.0,260.0
100064,2024-01-26,East,Bedrock Add-on,direct,10,260.0,2600.0
100065,2024-01-26,East,Seam Analytics,direct,1,750.0,750.0
100066,2024-01-26,East,Seam Analytics,self-serve,3,712.5,2137.5
100067,2024-01-27,East,Quarry Lite,direct,1,120.0,120.0
100068,2024-01-28,North,Bedrock Add-on,direct,1,260.0,260.0
100069,2024-01-29,South,Bedrock Add-on,self-serve,1,247.0,247.0
100070,2024-01-30,North,Quarry Lite,self-serve,1,114.0,114.0
100071,2024-01-30,East,Quarry Core,direct,1,480.0,480.0
100072,2024-01-31,West,Quarry Core,direct,1,480.0,480.0
100073,2024-01-31,South,Quarry Core,direct,2,480.0,960.0
100074,2024-01-31,West,Quarry Core,direct,3,480.0,1440.0
100075,2024-01-31,East,Quarry Core,direct,3,480.0,1440.0
100076,2024-01-31,North,Seam Analytics,partner,1,637.5,637.5
100077,2024-02-01,East,Quarry Core,direct,1,480.0,480.0
100078,2024-02-01,West,Seam Analytics,partner,1,637.5,637.5
100079,2024-02-01,South,Quarry Core,partner,2,408.0,816.0
100080,2024-02-02,North,Seam Analytics,direct,2,750.0,1500.0
100081,2024-02-02,West,Quarry Core,direct,3,480.0,1440.0
100082,2024-02-02,North,Quarry Core,direct,2,480.0,960.0
100083,2024-02-02,East,Quarry Core,direct,2,480.0,960.0
100084,2024-02-04,West,Quarry Lite,direct,2,120.0,240.0
100085,2024-02-04,North,Quarry Lite,direct,1,120.0,120.0
100086,2024-02-05,West,Seam Analytics,self-serve,1,712.5,712.5
100087,2024-02-05,North,Quarry Lite,partner,1,102.0,102.0
100088,2024-02-06,South,Quarry Lite,partner,10,102.0,1020.0
100089,2024-02-06,East,Quarry Core,self-serve,1,456.0,456.0
100090,2024-02-06,East,Bedrock Add-on,self-serve,1,247.0,247.0
100091,2024-02-06,North,Quarry Core,self-serve,1,456.0,456.0
100092,2024-02-07,South,Quarry Lite,self-serve,1,114.0,114.0
100093,2024-02-07,West,Quarry Core,self-serve,3,456.0,1368.0
100094,2024-02-07,South,Quarry Core,partner,1,408.0,408.0
100095,2024-02-07,North,Quarry Core,self-serve,5,456.0,2280.0
100096,2024-02-07,North,Quarry Core,self-serve,1,456.0,456.0
100097,2024-02-08,West,Bedrock Add-on,partner,5,221.0,1105.0
100098,2024-02-08,South,Quarry Lite,direct,1,120.0,120.0
100099,2024-02-08,East,Seam Analytics,direct,1,750.0,750.0
100100,2024-02-08,East,Bedrock Add-on,self-serve,5,247.0,1235.0
100101,2024-02-08,East,Bedrock Add-on,self-serve,1,247.0,247.0
100102,2024-02-09,East,Quarry Core,partner,3,408.0,1224.0
100103,2024-02-09,North,Bedrock Add-on,direct,2,260.0,520.0
100104,2024-02-09,South,Bedrock Add-on,self-serve,1,247.0,247.0
100105,2024-02-09,West,Quarry Core,partner,1,408.0,408.0
100106,2024-02-09,West,Quarry Lite,partner,10,102.0,1020.0
100107,2024-02-10,East,Bedrock Add-on,self-serve,1,247.0,247.0
100108,2024-02-10,East,Quarry Lite,self-serve,1,114.0,114.0
100109,2024-02-11,West,Seam Analytics,partner,3,637.5,1912.5
100110,2024-02-12,North,Quarry Lite,direct,5,120.0,600.0
100111,2024-02-12,North,Bedrock Add-on,self-serve,1,247.0,247.0
100112,2024-02-12,East,Bedrock Add-on,self-serve,1,247.0,247.0
100113,2024-02-12,West,Quarry Lite,self-serve,5,114.0,570.0
100114,2024-02-13,West,Bedrock Add-on,direct,2,260.0,520.0
100115,2024-02-13,East,Quarry Lite,self-serve,3,114.0,342.0
100116,2024-02-13,East,Seam Analytics,direct,1,750.0,750.0
100117,2024-02-13,West,Bedrock Add-on,self-serve,1,247.0,247.0
100118,2024-02-14,East,Quarry Lite,direct,3,120.0,360.0
100119,2024-02-14,North,Quarry Lite,self-serve,2,114.0,228.0
100120,2024-02-14,West,Quarry Core,direct,2,480.0,960.0
100121,2024-02-14,West,Quarry Lite,self-serve,1,114.0,114.0
100122,2024-02-15,North,Quarry Lite,direct,1,120.0,120.0
100123,2024-02-15,West,Quarry Core,direct,3,480.0,1440.0
100124,2024-02-15,North,Bedrock Add-on,self-serve,1,247.0,247.0
100125,2024-02-15,North,Quarry Lite,partner,2,102.0,204.0
100126,2024-02-15,North,Seam Analytics,direct,1,750.0,750.0
100127,2024-02-15,West,Quarry Core,self-serve,1,456.0,456.0
100128,2024-02-16,East,Quarry Core,direct,1,480.0,480.0
100129,2024-02-16,East,Bedrock Add-on,self-serve,3,247.0,741.0
100130,2024-02-16,North,Quarry Lite,self-serve,1,114.0,114.0
100131,2024-02-16,North,Quarry Core,direct,10,480.0,4800.0
100132,2024-02-17,West,Quarry Lite,partner,1,102.0,102.0
100133,2024-02-18,West,Quarry Core,partner,1,408.0,408.0
100134,2024-02-19,South,Bedrock Add-on,partner,3,221.0,663.0
100135,2024-02-19,East,Quarry Core,direct,2,480.0,960.0
100136,2024-02-19,South,Quarry Core,self-serve,2,456.0,912.0
100137,2024-02-19,South,Quarry Lite,direct,3,120.0,360.0
100138,2024-02-19,East,Bedrock Add-on,partner,3,221.0,663.0
100139,2024-02-20,North,Seam Analytics,self-serve,1,712.5,712.5
100140,2024-02-20,South,Bedrock Add-on,partner,2,221.0,442.0
100141,2024-02-20,East,Quarry Lite,self-serve,1,114.0,114.0
100142,2024-02-21,South,Quarry Lite,direct,1,120.0,120.0
100143,2024-02-21,South,Quarry Core,direct,3,480.0,1440.0
100144,2024-02-21,North,Quarry Lite,self-serve,1,114.0,114.0
100145,2024-02-21,North,Seam Analytics,self-serve,5,712.5,3562.5
100146,2024-02-21,West,Bedrock Add-on,direct,1,260.0,260.0
100147,2024-02-22,East,Bedrock Add-on,self-serve,10,247.0,2470.0
100148,2024-02-22,East,Quarry Lite,direct,1,120.0,120.0
100149,2024-02-22,North,Seam Analytics,direct,1,750.0,750.0
100150,2024-02-22,West,Seam Analytics,direct,5,750.0,3750.0
100151,2024-02-23,North,Seam Analytics,self-serve,3,712.5,2137.5
100152,2024-02-23,East,Seam Analytics,partner,1,637.5,637.5
100153,2024-02-23,East,Bedrock Add-on,self-serve,5,247.0,1235.0
100154,2024-02-23,North,Bedrock Add-on,direct,1,260.0,260.0
100155,2024-02-23,East,Quarry Lite,direct,5,120.0,600.0
100156,2024-02-24,North,Seam Analytics,self-serve,1,712.5,712.5
100157,2024-02-24,North,Quarry Core,direct,3,480.0,1440.0
100158,2024-02-24,North,Bedrock Add-on,direct,1,260.0,260.0
100159,2024-02-25,East,Seam Analytics,direct,1,750.0,750.0
100160,2024-02-26,North,Bedrock Add-on,direct,1,260.0,260.0
100161,2024-02-26,East,Bedrock Add-on,direct,2,260.0,520.0
100162,2024-02-26,North,Quarry Lite,self-serve,1,114.0,114.0
100163,2024-02-27,South,Bedrock Add-on,partner,1,221.0,221.0
100164,2024-02-27,East,Seam Analytics,direct,3,750.0,2250.0
100165,2024-02-27,West,Bedrock Add-on,direct,1,260.0,260.0
100166,2024-02-28,East,Quarry Core,self-serve,1,456.0,456.0
100167,2024-02-28,North,Quarry Lite,direct,10,120.0,1200.0
100168,2024-02-28,South,Bedrock Add-on,self-serve,2,247.0,494.0
100169,2024-02-28,East,Bedrock Add-on,direct,1,260.0,260.0
100170,2024-02-28,East,Quarry Lite,direct,1,120.0,120.0
100171,2024-02-29,South,Bedrock Add-on,direct,2,260.0,520.0
100172,2024-02-29,North,Seam Analytics,direct,1,750.0,750.0
100173,2024-02-29,East,Seam Analytics,direct,10,750.0,7500.0
100174,2024-02-29,East,Quarry Lite,direct,1,120.0,120.0
100175,2024-02-29,East,Quarry Lite,direct,2,120.0,240.0
100176,2024-03-01,South,Quarry Lite,self-serve,1,114.0,114.0
100177,2024-03-01,South,Seam Analytics,self-serve,5,712.5,3562.5
100178,2024-03-01,South,Seam Analytics,self-serve,1,712.5,712.5
100179,2024-03-02,East,Seam Analytics,direct,1,750.0,750.0
100180,2024-03-02,East,Quarry Core,self-serve,1,456.0,456.0
100181,2024-03-03,West,Quarry Core,self-serve,1,456.0,456.0
100182,2024-03-04,North,Bedrock Add-on,partner,1,221.0,221.0
100183,2024-03-04,North,Bedrock Add-on,direct,2,260.0,520.0
100184,2024-03-05,South,Bedrock Add-on,direct,2,260.0,520.0
100185,2024-03-05,North,Quarry Lite,partner,2,102.0,204.0
100186,2024-03-05,East,Seam Analytics,partner,3,637.5,1912.5
100187,2024-03-05,South,Quarry Lite,direct,1,120.0,120.0
100188,2024-03-06,West,Seam Analytics,direct,2,750.0,1500.0
100189,2024-03-06,East,Quarry Core,direct,2,480.0,960.0
100190,2024-03-06,North,Quarry Lite,direct,1,120.0,120.0
100191,2024-03-07,West,Seam Analytics,self-serve,1,712.5,712.5
100192,2024-03-07,North,Seam Analytics,partner,2,637.5,1275.0
100193,2024-03-07,West,Bedrock Add-on,partner,3,221.0,663.0
100194,2024-03-08,East,Quarry Core,self-serve,2,456.0,912.0
100195,2024-03-08,West,Seam Analytics,direct,5,750.0,3750.0
100196,2024-03-08,South,Seam Analytics,self-serve,2,712.5,1425.0
100197,2024-03-08,North,Seam Analytics,partner,2,637.5,1275.0
100198,2024-03-09,North,Quarry Core,direct,1,480.0,480.0
100199,2024-03-11,East,Quarry Core,direct,2,480.0,960.0
100200,2024-03-11,North,Bedrock Add-on,self-serve,1,247.0,247.0
100201,2024-03-11,North,Quarry Lite,partner,2,102.0,204.0
100202,2024-03-12,East,Quarry Lite,self-serve,1,114.0,114.0
100203,2024-03-12,South,Seam Analytics,direct,5,750.0,3750.0
100204,2024-03-12,East,Quarry Core,direct,10,480.0,4800.0
100205,2024-03-12,North,Bedrock Add-on,direct,1,260.0,260.0
100206,2024-03-13,West,Quarry Lite,partner,2,102.0,204.0
100207,2024-03-13,North,Quarry Lite,direct,1,120.0,120.0
100208,2024-03-13,East,Quarry Core,direct,5,480.0,2400.0
100209,2024-03-13,South,Quarry Lite,self-serve,2,114.0,228.0
100210,2024-03-14,South,Quarry Core,direct,1,480.0,480.0
100211,2024-03-14,North,Quarry Lite,direct,3,120.0,360.0
100212,2024-03-14,West,Quarry Core,self-serve,1,456.0,456.0
100213,2024-03-15,North,Seam Analytics,partner,1,637.5,637.5
100214,2024-03-15,West,Quarry Lite,self-serve,5,114.0,570.0
100215,2024-03-15,South,Seam Analytics,partner,1,637.5,637.5
100216,2024-03-15,South,Seam Analytics,direct,1,750.0,750.0
100217,2024-03-15,North,Seam Analytics,direct,5,750.0,3750.0
100218,2024-03-16,North,Bedrock Add-on,partner,1,221.0,221.0
100219,2024-03-16,North,Bedrock Add-on,partner,1,221.0,221.0
100220,2024-03-16,South,Bedrock Add-on,partner,1,221.0,221.0
100221,2024-03-17,East,Quarry Core,direct,3,480.0,1440.0
100222,2024-03-18,West,Seam Analytics,direct,2,750.0,1500.0
100223,2024-03-18,West,Bedrock Add-on,self-serve,2,247.0,494.0
100224,2024-03-18,South,Seam Analytics,self-serve,2,712.5,1425.0
100225,2024-03-19,North,Quarry Lite,self-serve,1,114.0,114.0
100226,2024-03-19,West,Bedrock Add-on,self-serve,1,247.0,247.0
100227,2024-03-20,South,Seam Analytics,partner,2,637.5,1275.0
100228,2024-03-20,North,Quarry Core,self-serve,5,456.0,2280.0
100229,2024-03-20,South,Quarry Core,self-serve,1,456.0,456.0
100230,2024-03-20,East,Quarry Lite,self-serve,1,114.0,114.0
100231,2024-03-20,North,Bedrock Add-on,direct,1,260.0,260.0
100232,2024-03-20,West,Quarry Core,self-serve,1,456.0,456.0
100233,2024-03-21,East,Quarry Lite,direct,1,120.0,120.0
100234,2024-03-21,East,Bedrock Add-on,partner,1,221.0,221.0
100235,2024-03-21,North,Quarry Core,direct,1,480.0,480.0
100236,2024-03-21,North,Seam Analytics,direct,3,750.0,2250.0
100237,2024-03-21,South,Quarry Core,self-serve,3,456.0,1368.0
100238,2024-03-22,East,Bedrock Add-on,self-serve,1,247.0,247.0
100239,2024-03-22,South,Bedrock Add-on,self-serve,1,247.0,247.0
100240,2024-03-22,East,Quarry Lite,direct,1,120.0,120.0
100241,2024-03-22,North,Quarry Core,direct,1,480.0,480.0
100242,2024-03-22,East,Quarry Lite,partner,1,102.0,102.0
100243,2024-03-23,North,Quarry Lite,self-serve,1,114.0,114.0
100244,2024-03-23,North,Bedrock Add-on,direct,1,260.0,260.0
100245,2024-03-23,West,Quarry Core,direct,1,480.0,480.0
100246,2024-03-24,East,Quarry Lite,direct,2,120.0,240.0
100247,2024-03-24,South,Quarry Lite,partner,1,102.0,102.0
100248,2024-03-25,East,Seam Analytics,direct,1,750.0,750.0
100249,2024-03-25,North,Bedrock Add-on,direct,3,260.0,780.0
100250,2024-03-25,North,Quarry Core,self-serve,3,456.0,1368.0
100251,2024-03-26,East,Quarry Lite,partner,2,102.0,204.0
100252,2024-03-26,West,Bedrock Add-on,self-serve,2,247.0,494.0
100253,2024-03-26,North,Bedrock Add-on,direct,2,260.0,520.0
100254,2024-03-27,North,Quarry Core,direct,2,480.0,960.0
100255,2024-03-27,East,Seam Analytics,self-serve,1,712.5,712.5
100256,2024-03-27,North,Quarry Lite,partner,1,102.0,102.0
100257,2024-03-28,North,Quarry Core,direct,2,480.0,960.0
100258,2024-03-28,North,Quarry Core,direct,1,480.0,480.0
100259,2024-03-28,West,Quarry Lite,direct,3,120.0,360.0
100260,2024-03-28,West,Quarry Lite,self-serve,2,114.0,228.0
100261,2024-03-29,North,Bedrock Add-on,direct,1,260.0,260.0
100262,2024-03-29,South,Bedrock Add-on,partner,1,221.0,221.0
100263,2024-03-29,South,Quarry Core,direct,3,480.0,1440.0
100264,2024-03-31,South,Seam Analytics,partner,1,637.5,637.5
100265,2024-04-01,West,Seam Analytics,partner,1,637.5,637.5
100266,2024-04-02,West,Bedrock Add-on,self-serve,2,247.0,494.0
100267,2024-04-02,West,Seam Analytics,self-serve,1,712.5,712.5
100268,2024-04-02,North,Seam Analytics,direct,1,750.0,750.0
100269,2024-04-02,West,Quarry Core,partner,1,408.0,408.0
100270,2024-04-02,South,Quarry Core,self-serve,3,456.0,1368.0
100271,2024-04-03,South,Seam Analytics,direct,10,750.0,7500.0
100272,2024-04-03,North,Seam Analytics,self-serve,2,712.5,1425.0
100273,2024-04-03,North,Quarry Lite,direct,1,120.0,120.0
100274,2024-04-03,West,Quarry Core,direct,1,480.0,480.0
100275,2024-04-03,North,Seam Analytics,partner,1,637.5,637.5
100276,2024-04-04,North,Quarry Core,direct,3,480.0,1440.0
100277,2024-04-04,West,Quarry Lite,self-serve,2,114.0,228.0
100278,2024-04-04,West,Bedrock Add-on,partner,2,221.0,442.0
100279,2024-04-05,South,Seam Analytics,partner,1,637.5,637.5
100280,2024-04-05,North,Quarry Core,direct,1,480.0,480.0
100281,2024-04-05,East,Seam Analytics,partner,1,637.5,637.5
100282,2024-04-05,North,Quarry Lite,direct,1,120.0,120.0
100283,2024-04-06,East,Seam Analytics,partner,2,637.5,1275.0
100284,2024-04-06,West,Quarry Lite,self-serve,2,114.0,228.0
100285,2024-04-07,East,Seam Analytics,direct,1,750.0,750.0
100286,2024-04-07,North,Quarry Lite,direct,1,120.0,120.0
100287,2024-04-08,South,Bedrock Add-on,partner,5,221.0,1105.0
100288,2024-04-09,East,Quarry Core,self-serve,3,456.0,1368.0
100289,2024-04-10,East,Seam Analytics,direct,1,750.0,750.0
100290,2024-04-10,South,Seam Analytics,direct,1,750.0,750.0
100291,2024-04-10,South,Quarry Core,partner,1,408.0,408.0
100292,2024-04-11,South,Quarry Lite,self-serve,2,114.0,228.0
100293,2024-04-11,East,Seam Analytics,self-serve,3,712.5,2137.5
100294,2024-04-11,East,Quarry Core,partner,2,408.0,816.0
100295,2024-04-11,East,Bedrock Add-on,self-serve,10,247.0,2470.0
100296,2024-04-11,South,Bedrock Add-on,direct,3,260.0,780.0
100297,2024-04-12,South,Quarry Core,self-serve,5,456.0,2280.0
100298,2024-04-12,South,Bedrock Add-on,direct,1,260.0,260.0
100299,2024-04-12,North,Quarry Lite,direct,1,120.0,120.0
100300,2024-04-13,North,Quarry Core,direct,1,480.0,480.0
100301,2024-04-13,North,Bedrock Add-on,direct,1,260.0,260.0
100302,2024-04-14,South,Quarry Core,partner,2,408.0,816.0
100303,2024-04-14,West,Bedrock Add-on,direct,2,260.0,520.0
100304,2024-04-16,West,Seam Analytics,self-serve,1,712.5,712.5
100305,2024-04-16,West,Bedrock Add-on,direct,3,260.0,780.0
100306,2024-04-16,South,Quarry Core,partner,1,408.0,408.0
100307,2024-04-17,North,Quarry Core,self-serve,2,456.0,912.0
100308,2024-04-18,East,Quarry Core,partner,1,408.0,408.0
100309,2024-04-18,East,Quarry Lite,self-serve,5,114.0,570.0
100310,2024-04-18,North,Bedrock Add-on,self-serve,1,247.0,247.0
100311,2024-04-18,South,Quarry Lite,partner,1,102.0,102.0
100312,2024-04-18,South,Quarry Lite,direct,1,120.0,120.0
100313,2024-04-19,South,Bedrock Add-on,self-serve,5,247.0,1235.0
100314,2024-04-19,East,Quarry Lite,partner,1,102.0,102.0
100315,2024-04-19,North,Seam Analytics,direct,2,750.0,1500.0
100316,2024-04-19,South,Quarry Lite,direct,1,120.0,120.0
100317,2024-04-21,East,Quarry Core,partner,2,408.0,816.0
100318,2024-04-21,South,Bedrock Add-on,self-serve,1,247.0,247.0
100319,2024-04-22,North,Bedrock Add-on,self-serve,1,247.0,247.0
100320,2024-04-22,South,Seam Analytics,self-serve,1,712.5,712.5
100321,2024-04-22,West,Quarry Lite,self-serve,1,114.0,114.0
100322,2024-04-23,East,Quarry Core,direct,1,480.0,480.0
100323,2024-04-23,South,Quarry Core,direct,1,480.0,480.0
100324,2024-04-23,West,Bedrock Add-on,partner,1,221.0,221.0
100325,2024-04-24,South,Quarry Core,self-serve,1,456.0,456.0
100326,2024-04-24,East,Quarry Lite,direct,3,120.0,360.0
100327,2024-04-24,East,Bedrock Add-on,self-serve,1,247.0,247.0
100328,2024-04-25,South,Quarry Lite,direct,1,120.0,120.0
100329,2024-04-26,East,Bedrock Add-on,direct,1,260.0,260.0
100330,2024-04-26,South,Quarry Core,partner,1,408.0,408.0
100331,2024-04-26,West,Bedrock Add-on,direct,1,260.0,260.0
100332,2024-04-27,North,Quarry Core,direct,3,480.0,1440.0
100333,2024-04-27,South,Quarry Core,self-serve,2,456.0,912.0
100334,2024-04-29,South,Seam Analytics,partner,1,637.5,637.5
100335,2024-04-29,North,Bedrock Add-on,partner,3,221.0,663.0
100336,2024-04-29,East,Bedrock Add-on,direct,1,260.0,260.0
100337,2024-04-29,North,Quarry Core,direct,1,480.0,480.0
100338,2024-04-29,West,Bedrock Add-on,direct,1,260.0,260.0
100339,2024-04-30,East,Bedrock Add-on,self-serve,1,247.0,247.0
100340,2024-04-30,West,Quarry Lite,partner,2,102.0,204.0
100341,2024-04-30,West,Bedrock Add-on,self-serve,1,247.0,247.0
100342,2024-04-30,South,Bedrock Add-on,partner,1,221.0,221.0
100343,2024-05-01,North,Quarry Lite,partner,1,102.0,102.0
100344,2024-05-01,South,Quarry Core,self-serve,1,456.0,456.0
100345,2024-05-02,North,Bedrock Add-on,self-serve,10,247.0,2470.0
100346,2024-05-03,South,Bedrock Add-on,direct,1,260.0,260.0
100347,2024-05-03,East,Bedrock Add-on,partner,2,221.0,442.0
100348,2024-05-03,South,Bedrock Add-on,self-serve,5,247.0,1235.0
100349,2024-05-03,East,Quarry Core,self-serve,1,456.0,456.0
100350,2024-05-03,North,Seam Analytics,direct,1,750.0,750.0
100351,2024-05-05,East,Bedrock Add-on,direct,2,260.0,520.0
100352,2024-05-06,North,Bedrock Add-on,direct,5,260.0,1300.0
100353,2024-05-06,West,Quarry Lite,direct,1,120.0,120.0
100354,2024-05-06,North,Seam Analytics,partner,1,637.5,637.5
100355,2024-05-07,South,Seam Analytics,self-serve,2,712.5,1425.0
100356,2024-05-07,East,Quarry Lite,self-serve,1,114.0,114.0
100357,2024-05-07,North,Quarry Lite,direct,1,120.0,120.0
100358,2024-05-08,West,Seam Analytics,self-serve,2,712.5,1425.0
100359,2024-05-08,West,Quarry Lite,self-serve,2,114.0,228.0
100360,2024-05-08,North,Quarry Lite,direct,1,120.0,120.0
100361,2024-05-08,North,Quarry Core,partner,2,408.0,816.0
100362,2024-05-09,East,Quarry Core,partner,3,408.0,1224.0
100363,2024-05-09,West,Quarry Lite,self-serve,1,114.0,114.0
100364,2024-05-09,West,Seam Analytics,partner,5,637.5,3187.5
100365,2024-05-10,West,Quarry Core,direct,2,480.0,960.0
100366,2024-05-10,North,Seam Analytics,direct,5,750.0,3750.0
100367,2024-05-11,South,Bedrock Add-on,direct,1,260.0,260.0
100368,2024-05-12,East,Bedrock Add-on,self-serve,1,247.0,247.0
100369,2024-05-12,North,Quarry Core,direct,1,480.0,480.0
100370,2024-05-13,North,Seam Analytics,direct,3,750.0,2250.0
100371,2024-05-13,West,Quarry Core,self-serve,3,456.0,1368.0
100372,2024-05-13,West,Quarry Lite,self-serve,2,114.0,228.0
100373,2024-05-14,North,Seam Analytics,partner,5,637.5,3187.5
100374,2024-05-14,West,Quarry Core,direct,2,480.0,960.0
100375,2024-05-14,North,Quarry Lite,partner,1,102.0,102.0
100376,2024-05-15,West,Quarry Lite,direct,1,120.0,120.0
100377,2024-05-15,North,Seam Analytics,partner,1,637.5,637.5
100378,2024-05-16,North,Quarry Core,direct,1,480.0,480.0
100379,2024-05-16,South,Quarry Core,partner,1,408.0,408.0
100380,2024-05-16,East,Seam Analytics,direct,5,750.0,3750.0
100381,2024-05-17,West,Quarry Core,partner,3,408.0,1224.0
100382,2024-05-17,South,Bedrock Add-on,partner,1,221.0,221.0
100383,2024-05-19,South,Seam Analytics,direct,2,750.0,1500.0
100384,2024-05-19,West,Quarry Lite,direct,1,120.0,120.0
100385,2024-05-19,South,Quarry Lite,self-serve,10,114.0,1140.0
100386,2024-05-19,East,Seam Analytics,self-serve,1,712.5,712.5
100387,2024-05-20,North,Bedrock Add-on,direct,3,260.0,780.0
100388,2024-05-20,South,Bedrock Add-on,direct,2,260.0,520.0
100389,2024-05-20,South,Bedrock Add-on,self-serve,1,247.0,247.0
100390,2024-05-20,West,Quarry Lite,partner,2,102.0,204.0
100391,2024-05-21,South,Quarry Core,self-serve,2,456.0,912.0
100392,2024-05-21,North,Quarry Core,direct,5,480.0,2400.0
100393,2024-05-21,North,Quarry Lite,direct,2,120.0,240.0
100394,2024-05-22,South,Bedrock Add-on,direct,10,260.0,2600.0
100395,2024-05-22,North,Seam Analytics,self-serve,1,712.5,712.5
100396,2024-05-22,West,Bedrock Add-on,direct,1,260.0,260.0
100397,2024-05-23,North,Quarry Core,partner,1,408.0,408.0
100398,2024-05-23,South,Bedrock Add-on,self-serve,2,247.0,494.0
100399,2024-05-23,North,Quarry Lite,direct,1,120.0,120.0
100400,2024-05-23,West,Bedrock Add-on,direct,2,260.0,520.0
100401,2024-05-23,North,Seam Analytics,direct,2,750.0,1500.0
100402,2024-05-24,East,Seam Analytics,direct,5,750.0,3750.0
100403,2024-05-24,North,Seam Analytics,direct,1,750.0,750.0
100404,2024-05-24,North,Bedrock Add-on,self-serve,1,247.0,247.0
100405,2024-05-26,West,Quarry Lite,direct,2,120.0,240.0
100406,2024-05-27,North,Quarry Lite,partner,3,102.0,306.0
100407,2024-05-27,West,Seam Analytics,direct,1,750.0,750.0
100408,2024-05-27,East,Bedrock Add-on,partner,1,221.0,221.0
100409,2024-05-28,East,Quarry Core,partner,3,408.0,1224.0
100410,2024-05-28,West,Seam Analytics,direct,3,750.0,2250.0
100411,2024-05-28,South,Quarry Core,partner,1,408.0,408.0
100412,2024-05-28,South,Bedrock Add-on,direct,5,260.0,1300.0
100413,2024-05-29,West,Quarry Core,partner,1,408.0,408.0
100414,2024-05-29,North,Bedrock Add-on,direct,2,260.0,520.0
100415,2024-05-29,North,Bedrock Add-on,direct,1,260.0,260.0
100416,2024-05-30,East,Bedrock Add-on,direct,3,260.0,780.0
100417,2024-05-30,East,Bedrock Add-on,partner,3,221.0,663.0
100418,2024-05-30,South,Quarry Lite,partner,1,102.0,102.0
100419,2024-05-31,North,Quarry Core,self-serve,2,456.0,912.0
100420,2024-05-31,East,Quarry Core,direct,2,480.0,960.0
100421,2024-05-31,East,Seam Analytics,direct,10,750.0,7500.0
100422,2024-05-31,East,Quarry Lite,self-serve,3,114.0,342.0
100423,2024-06-01,North,Seam Analytics,direct,3,750.0,2250.0
100424,2024-06-01,West,Seam Analytics,direct,1,750.0,750.0
100425,2024-06-01,North,Quarry Core,partner,1,408.0,408.0
100426,2024-06-03,West,Quarry Core,self-serve,3,456.0,1368.0
100427,2024-06-03,West,Quarry Core,direct,2,480.0,960.0
100428,2024-06-04,South,Bedrock Add-on,partner,1,221.0,221.0
100429,2024-06-04,South,Bedrock Add-on,direct,1,260.0,260.0
100430,2024-06-04,North,Bedrock Add-on,self-serve,1,247.0,247.0
100431,2024-06-04,West,Quarry Lite,direct,1,120.0,120.0
100432,2024-06-04,North,Seam Analytics,direct,2,750.0,1500.0
100433,2024-06-05,North,Seam Analytics,self-serve,1,712.5,712.5
100434,2024-06-05,East,Seam Analytics,partner,1,637.5,637.5
100435,2024-06-05,South,Quarry Core,self-serve,1,456.0,456.0
100436,2024-06-06,North,Seam Analytics,direct,2,750.0,1500.0
100437,2024-06-06,South,Seam Analytics,partner,5,637.5,3187.5
100438,2024-06-07,West,Bedrock Add-on,self-serve,5,247.0,1235.0
100439,2024-06-07,North,Quarry Lite,self-serve,1,114.0,114.0
100440,2024-06-07,South,Quarry Core,direct,2,480.0,960.0
100441,2024-06-07,North,Quarry Core,self-serve,1,456.0,456.0
100442,2024-06-08,North,Seam Analytics,direct,2,750.0,1500.0
100443,2024-06-08,East,Quarry Lite,partner,1,102.0,102.0
100444,2024-06-09,North,Quarry Lite,self-serve,3,114.0,342.0
100445,2024-06-09,North,Bedrock Add-on,direct,10,260.0,2600.0
100446,2024-06-09,South,Quarry Lite,direct,2,120.0,240.0
100447,2024-06-10,East,Quarry Core,partner,1,408.0,408.0
100448,2024-06-11,North,Quarry Core,self-serve,1,456.0,456.0
100449,2024-06-12,South,Quarry Core,self-serve,2,456.0,912.0
100450,2024-06-12,South,Quarry Lite,direct,10,120.0,1200.0
100451,2024-06-12,East,Bedrock Add-on,direct,2,260.0,520.0
100452,2024-06-12,North,Quarry Lite,self-serve,3,114.0,342.0
100453,2024-06-13,East,Seam Analytics,self-serve,1,712.5,712.5
100454,2024-06-13,East,Quarry Lite,partner,10,102.0,1020.0
100455,2024-06-13,North,Quarry Lite,self-serve,3,114.0,342.0
100456,2024-06-13,North,Seam Analytics,direct,2,750.0,1500.0
100457,2024-06-14,South,Quarry Lite,direct,2,120.0,240.0
100458,2024-06-14,South,Quarry Lite,self-serve,5,114.0,570.0
100459,2024-06-14,West,Seam Analytics,partner,3,637.5,1912.5
100460,2024-06-14,North,Quarry Core,direct,2,480.0,960.0
100461,2024-06-16,South,Quarry Core,direct,2,480.0,960.0
100462,2024-06-17,West,Bedrock Add-on,partner,1,221.0,221.0
100463,2024-06-17,West,Quarry Lite,direct,3,120.0,360.0
100464,2024-06-17,North,Quarry Lite,self-serve,2,114.0,228.0
100465,2024-06-17,West,Quarry Core,direct,2,480.0,960.0
100466,2024-06-17,East,Quarry Core,direct,1,480.0,480.0
100467,2024-06-17,East,Quarry Core,self-serve,3,456.0,1368.0
100468,2024-06-18,West,Seam Analytics,partner,1,637.5,637.5
100469,2024-06-19,West,Seam Analytics,direct,2,750.0,1500.0
100470,2024-06-19,North,Quarry Core,self-serve,3,456.0,1368.0
100471,2024-06-19,South,Quarry Lite,direct,1,120.0,120.0
100472,2024-06-19,East,Quarry Core,direct,10,480.0,4800.0
100473,2024-06-20,North,Quarry Lite,self-serve,1,114.0,114.0
100474,2024-06-20,North,Quarry Lite,self-serve,2,114.0,228.0
100475,2024-06-20,North,Quarry Core,partner,1,408.0,408.0
100476,2024-06-21,East,Quarry Lite,direct,1,120.0,120.0
100477,2024-06-21,South,Quarry Core,direct,1,480.0,480.0
100478,2024-06-21,North,Quarry Lite,direct,1,120.0,120.0
100479,2024-06-21,East,Quarry Lite,partner,10,102.0,1020.0
100480,2024-06-21,North,Quarry Core,direct,5,480.0,2400.0
100481,2024-06-22,North,Seam Analytics,partner,10,637.5,6375.0
100482,2024-06-22,East,Bedrock Add-on,direct,1,260.0,260.0
100483,2024-06-23,West,Quarry Core,direct,3,480.0,1440.0
100484,2024-06-24,North,Quarry Lite,direct,10,120.0,1200.0
100485,2024-06-24,North,Quarry Core,direct,3,480.0,1440.0
100486,2024-06-24,South,Quarry Lite,partner,2,102.0,204.0
100487,2024-06-25,East,Quarry Lite,self-serve,1,114.0,114.0
100488,2024-06-25,East,Quarry Core,partner,10,408.0,4080.0
100489,2024-06-25,South,Quarry Lite,direct,2,120.0,240.0
100490,2024-06-25,East,Bedrock Add-on,self-serve,1,247.0,247.0
100491,2024-06-25,West,Quarry Lite,self-serve,2,114.0,228.0
100492,2024-06-26,West,Quarry Lite,partner,1,102.0,102.0
100493,2024-06-26,South,Seam Analytics,direct,10,750.0,7500.0
100494,2024-06-26,North,Quarry Core,self-serve,1,456.0,456.0
100495,2024-06-26,West,Bedrock Add-on,direct,2,260.0,520.0
100496,2024-06-26,East,Quarry Lite,direct,1,120.0,120.0
100497,2024-06-27,West,Quarry Lite,partner,2,102.0,204.0
100498,2024-06-27,West,Quarry Core,direct,1,480.0,480.0
100499,2024-06-27,East,Quarry Lite,self-serve,1,114.0,114.0
100500,2024-06-28,West,Bedrock Add-on,direct,1,260.0,260.0
100501,2024-06-28,West,Quarry Lite,self-serve,3,114.0,342.0
100502,2024-06-28,West,Bedrock Add-on,direct,5,260.0,1300.0
100503,2024-06-29,East,Bedrock Add-on,partner,1,221.0,221.0
100504,2024-07-01,West,Quarry Core,partner,1,408.0,408.0
100505,2024-07-01,West,Seam Analytics,partner,1,637.5,637.5
100506,2024-07-01,South,Seam Analytics,self-serve,1,712.5,712.5
100507,2024-07-02,North,Quarry Lite,direct,1,120.0,120.0
100508,2024-07-02,West,Seam Analytics,partner,1,637.5,637.5
100509,2024-07-03,West,Quarry Core,self-serve,2,456.0,912.0
100510,2024-07-03,North,Bedrock Add-on,self-serve,1,247.0,247.0
100511,2024-07-04,East,Bedrock Add-on,direct,1,260.0,260.0
100512,2024-07-04,West,Bedrock Add-on,self-serve,2,247.0,494.0
100513,2024-07-04,West,Bedrock Add-on,partner,1,221.0,221.0
100514,2024-07-04,West,Seam Analytics,self-serve,3,712.5,2137.5
100515,2024-07-05,North,Quarry Core,direct,10,480.0,4800.0
100516,2024-07-05,East,Quarry Lite,direct,1,120.0,120.0
100517,2024-07-05,South,Bedrock Add-on,direct,3,260.0,780.0
100518,2024-07-06,North,Bedrock Add-on,self-serve,2,247.0,494.0
100519,2024-07-06,South,Seam Analytics,direct,1,750.0,750.0
100520,2024-07-06,South,Quarry Core,self-serve,5,456.0,2280.0
100521,2024-07-07,South,Quarry Lite,partner,1,102.0,102.0
100522,2024-07-08,South,Quarry Core,partner,5,408.0,2040.0
100523,2024-07-08,South,Bedrock Add-on,partner,2,221.0,442.0
100524,2024-07-08,West,Seam Analytics,self-serve,1,712.5,712.5
100525,2024-07-09,North,Quarry Core,self-serve,5,456.0,2280.0
100526,2024-07-09,North,Bedrock Add-on,direct,1,260.0,260.0
100527,2024-07-10,West,Seam Analytics,self-serve,2,712.5,1425.0
100528,2024-07-10,North,Quarry Lite,direct,5,120.0,600.0
100529,2024-07-10,West,Quarry Core,direct,10,480.0,4800.0
100530,2024-07-10,East,Bedrock Add-on,direct,2,260.0,520.0
100531,2024-07-11,South,Seam Analytics,direct,5,750.0,3750.0
100532,2024-07-11,South,Quarry Lite,partner,3,102.0,306.0
100533,2024-07-11,West,Bedrock Add-on,direct,1,260.0,260.0
100534,2024-07-11,North,Quarry Lite,partner,2,102.0,204.0
100535,2024-07-11,North,Bedrock Add-on,direct,5,260.0,1300.0
100536,2024-07-12,West,Bedrock Add-on,direct,1,260.0,260.0
100537,2024-07-12,North,Seam Analytics,partner,2,637.5,1275.0
100538,2024-07-12,West,Quarry Lite,direct,1,120.0,120.0
100539,2024-07-12,North,Quarry Lite,self-serve,1,114.0,114.0
100540,2024-07-12,East,Quarry Core,direct,2,480.0,960.0
100541,2024-07-13,North,Seam Analytics,direct,1,750.0,750.0
100542,2024-07-14,East,Quarry Lite,direct,1,120.0,120.0
100543,2024-07-14,North,Seam Analytics,partner,1,637.5,637.5
100544,2024-07-15,West,Bedrock Add-on,self-serve,2,247.0,494.0
100545,2024-07-15,North,Seam Analytics,direct,10,750.0,7500.0
100546,2024-07-16,West,Quarry Core,direct,5,480.0,2400.0
100547,2024-07-16,North,Quarry Lite,partner,10,102.0,1020.0
100548,2024-07-16,South,Bedrock Add-on,direct,1,260.0,260.0
100549,2024-07-17,West,Quarry Lite,direct,5,120.0,600.0
100550,2024-07-18,West,Quarry Lite,partner,3,102.0,306.0
100551,2024-07-18,North,Seam Analytics,direct,2,750.0,1500.0
100552,2024-07-18,North,Bedrock Add-on,direct,1,260.0,260.0
100553,2024-07-19,West,Quarry Core,direct,2,480.0,960.0
100554,2024-07-19,East,Bedrock Add-on,self-serve,1,247.0,247.0
100555,2024-07-19,South,Bedrock Add-on,direct,1,260.0,260.0
100556,2024-07-19,North,Bedrock Add-on,partner,3,221.0,663.0
100557,2024-07-20,West,Quarry Core,direct,2,480.0,960.0
100558,2024-07-21,West,Seam Analytics,self-serve,5,712.5,3562.5
100559,2024-07-21,North,Bedrock Add-on,direct,1,260.0,260.0
100560,2024-07-22,South,Quarry Core,self-serve,1,456.0,456.0
100561,2024-07-22,South,Seam Analytics,partner,5,637.5,3187.5
100562,2024-07-22,East,Quarry Lite,partner,3,102.0,306.0
100563,2024-07-23,North,Quarry Core,direct,1,480.0,480.0
100564,2024-07-23,North,Seam Analytics,partner,3,637.5,1912.5
100565,2024-07-23,South,Seam Analytics,direct,2,750.0,1500.0
100566,2024-07-23,West,Seam Analytics,direct,2,750.0,1500.0
100567,2024-07-24,North,Quarry Core,self-serve,2,456.0,912.0
100568,2024-07-24,West,Quarry Lite,self-serve,1,114.0,114.0
100569,2024-07-25,West,Quarry Core,self-serve,2,456.0,912.0
100570,2024-07-25,North,Bedrock Add-on,partner,2,221.0,442.0
100571,2024-07-26,North,Quarry Core,direct,10,480.0,4800.0
100572,2024-07-26,West,Quarry Lite,direct,10,120.0,1200.0
100573,2024-07-27,South,Quarry Lite,direct,1,120.0,120.0
100574,2024-07-27,South,Bedrock Add-on,direct,2,260.0,520.0
100575,2024-07-29,West,Quarry Lite,direct,1,120.0,120.0
100576,2024-07-29,East,Seam Analytics,direct,2,750.0,1500.0
100577,2024-07-29,South,Bedrock Add-on,partner,3,221.0,663.0
100578,2024-07-30,North,Seam Analytics,direct,2,750.0,1500.0
100579,2024-07-30,West,Quarry Core,direct,1,480.0,480.0
100580,2024-07-30,East,Quarry Core,self-serve,1,456.0,456.0
100581,2024-07-30,North,Bedrock Add-on,direct,1,260.0,260.0
100582,2024-07-30,North,Quarry Lite,self-serve,1,114.0,114.0
100583,2024-08-01,South,Seam Analytics,direct,1,750.0,750.0
100584,2024-08-01,South,Quarry Lite,self-serve,3,114.0,342.0
100585,2024-08-01,North,Quarry Core,self-serve,2,456.0,912.0
100586,2024-08-02,West,Bedrock Add-on,self-serve,1,247.0,247.0
100587,2024-08-02,North,Bedrock Add-on,self-serve,5,247.0,1235.0
100588,2024-08-02,North,Quarry Lite,direct,1,120.0,120.0
100589,2024-08-03,East,Bedrock Add-on,direct,2,260.0,520.0
100590,2024-08-04,West,Quarry Core,self-serve,3,456.0,1368.0
100591,2024-08-05,West,Quarry Core,direct,1,480.0,480.0
100592,2024-08-05,South,Quarry Core,self-serve,10,456.0,4560.0
100593,2024-08-05,North,Quarry Core,partner,3,408.0,1224.0
100594,2024-08-05,North,Quarry Core,self-serve,1,456.0,456.0
100595,2024-08-06,East,Quarry Core,direct,1,480.0,480.0
100596,2024-08-06,East,Quarry Core,direct,1,480.0,480.0
100597,2024-08-06,North,Quarry Lite,direct,5,120.0,600.0
100598,2024-08-06,South,Quarry Lite,direct,3,120.0,360.0
100599,2024-08-07,East,Bedrock Add-on,direct,2,260.0,520.0
100600,2024-08-08,South,Bedrock Add-on,self-serve,3,247.0,741.0
100601,2024-08-08,East,Quarry Lite,direct,2,120.0,240.0
100602,2024-08-09,North,Seam Analytics,partner,3,637.5,1912.5
100603,2024-08-09,West,Seam Analytics,direct,2,750.0,1500.0
100604,2024-08-10,East,Quarry Core,direct,1,480.0,480.0
100605,2024-08-10,West,Quarry Core,self-serve,10,456.0,4560.0
100606,2024-08-10,North,Quarry Core,self-serve,10,456.0,4560.0
100607,2024-08-10,West,Bedrock Add-on,self-serve,3,247.0,741.0
100608,2024-08-11,East,Seam Analytics,self-serve,3,712.5,2137.5
100609,2024-08-11,South,Bedrock Add-on,direct,5,260.0,1300.0
100610,2024-08-11,East,Quarry Core,partner,1,408.0,408.0
100611,2024-08-12,North,Quarry Core,direct,1,480.0,480.0
100612,2024-08-12,South,Quarry Core,self-serve,1,456.0,456.0
100613,2024-08-12,East,Bedrock Add-on,direct,5,260.0,1300.0
100614,2024-08-12,North,Bedrock Add-on,direct,2,260.0,520.0
100615,2024-08-13,North,Seam Analytics,partner,3,637.5,1912.5
100616,2024-08-13,East,Bedrock Add-on,direct,1,260.0,260.0
100617,2024-08-15,South,Bedrock Add-on,partner,1,221.0,221.0
100618,2024-08-15,East,Bedrock Add-on,direct,1,260.0,260.0
100619,2024-08-15,West,Quarry Core,partner,5,408.0,2040.0
100620,2024-08-16,South,Quarry Core,direct,1,480.0,480.0
100621,2024-08-17,North,Bedrock Add-on,direct,3,260.0,780.0
100622,2024-08-17,South,Quarry Lite,direct,2,120.0,240.0
100623,2024-08-18,South,Bedrock Add-on,self-serve,1,247.0,247.0
100624,2024-08-18,South,Bedrock Add-on,direct,1,260.0,260.0
100625,2024-08-19,East,Bedrock Add-on,direct,3,260.0,780.0
100626,2024-08-19,West,Bedrock Add-on,self-serve,2,247.0,494.0
100627,2024-08-21,East,Bedrock Add-on,partner,2,221.0,442.0
100628,2024-08-21,West,Quarry Lite,self-serve,1,114.0,114.0
100629,2024-08-21,North,Seam Analytics,self-serve,3,712.5,2137.5
100630,2024-08-22,North,Quarry Lite,direct,10,120.0,1200.0
100631,2024-08-22,East,Quarry Lite,direct,1,120.0,120.0
100632,2024-08-23,East,Quarry Lite,self-serve,1,114.0,114.0
100633,2024-08-23,West,Bedrock Add-on,partner,1,221.0,221.0
100634,2024-08-24,North,Quarry Core,partner,1,408.0,408.0
100635,2024-08-25,West,Quarry Lite,direct,2,120.0,240.0
100636,2024-08-26,West,Quarry Lite,partner,3,102.0,306.0
100637,2024-08-26,North,Quarry Lite,self-serve,3,114.0,342.0
100638,2024-08-26,South,Quarry Lite,direct,2,120.0,240.0
100639,2024-08-27,West,Seam Analytics,direct,2,750.0,1500.0
100640,2024-08-27,East,Seam Analytics,self-serve,1,712.5,712.5
100641,2024-08-27,North,Seam Analytics,partner,1,637.5,637.5
100642,2024-08-28,East,Seam Analytics,direct,3,750.0,2250.0
100643,2024-08-28,South,Bedrock Add-on,direct,1,260.0,260.0
100644,2024-08-29,West,Quarry Core,direct,2,480.0,960.0
100645,2024-08-29,South,Bedrock Add-on,partner,1,221.0,221.0
100646,2024-08-29,West,Seam Analytics,partner,2,637.5,1275.0
100647,2024-08-29,South,Quarry Lite,partner,2,102.0,204.0
100648,2024-08-29,West,Seam Analytics,partner,1,637.5,637.5
100649,2024-08-30,North,Quarry Core,partner,1,408.0,408.0
100650,2024-09-01,East,Quarry Core,direct,3,480.0,1440.0
100651,2024-09-02,West,Quarry Lite,self-serve,2,114.0,228.0
100652,2024-09-02,East,Seam Analytics,direct,2,750.0,1500.0
100653,2024-09-03,East,Bedrock Add-on,partner,1,221.0,221.0
100654,2024-09-04,East,Seam Analytics,direct,1,750.0,750.0
100655,2024-09-04,North,Seam Analytics,direct,1,750.0,750.0
100656,2024-09-05,South,Seam Analytics,direct,3,750.0,2250.0
100657,2024-09-05,South,Seam Analytics,direct,1,750.0,750.0
100658,2024-09-06,West,Bedrock Add-on,self-serve,5,247.0,1235.0
100659,2024-09-06,North,Quarry Lite,direct,5,120.0,600.0
100660,2024-09-07,East,Quarry Lite,self-serve,1,114.0,114.0
100661,2024-09-09,North,Quarry Lite,self-serve,3,114.0,342.0
100662,2024-09-09,North,Bedrock Add-on,partner,1,221.0,221.0
100663,2024-09-10,West,Quarry Lite,direct,2,120.0,240.0
100664,2024-09-11,West,Seam Analytics,direct,1,750.0,750.0
100665,2024-09-11,West,Bedrock Add-on,partner,2,221.0,442.0
100666,2024-09-11,East,Seam Analytics,direct,1,750.0,750.0
100667,2024-09-11,North,Quarry Core,direct,1,480.0,480.0
100668,2024-09-12,South,Quarry Core,self-serve,1,456.0,456.0
100669,2024-09-14,West,Quarry Lite,partner,2,102.0,204.0
100670,2024-09-15,East,Seam Analytics,self-serve,2,712.5,1425.0
100671,2024-09-16,West,Quarry Lite,self-serve,1,114.0,114.0
100672,2024-09-16,North,Quarry Lite,direct,1,120.0,120.0
100673,2024-09-17,South,Quarry Core,self-serve,1,456.0,456.0
100674,2024-09-17,East,Bedrock Add-on,self-serve,3,247.0,741.0
100675,2024-09-17,North,Quarry Lite,self-serve,1,114.0,114.0
100676,2024-09-18,East,Seam Analytics,direct,1,750.0,750.0
100677,2024-09-18,North,Quarry Lite,direct,3,120.0,360.0
100678,2024-09-18,West,Quarry Core,direct,3,480.0,1440.0
100679,2024-09-19,East,Quarry Core,direct,1,480.0,480.0
100680,2024-09-20,East,Bedrock Add-on,partner,1,221.0,221.0
100681,2024-09-20,West,Quarry Core,partner,5,408.0,2040.0
100682,2024-09-22,North,Bedrock Add-on,direct,3,260.0,780.0
100683,2024-09-23,West,Quarry Lite,self-serve,2,114.0,228.0
100684,2024-09-23,East,Seam Analytics,partner,1,637.5,637.5
100685,2024-09-23,North,Quarry Lite,self-serve,1,114.0,114.0
100686,2024-09-24,North,Bedrock Add-on,partner,3,221.0,663.0
100687,2024-09-24,East,Quarry Core,self-serve,1,456.0,456.0
100688,2024-09-24,North,Seam Analytics,direct,2,750.0,1500.0
100689,2024-09-24,East,Seam Analytics,direct,1,750.0,750.0
100690,2024-09-25,South,Quarry Core,direct,1,480.0,480.0
100691,2024-09-25,North,Quarry Lite,self-serve,5,114.0,570.0
100692,2024-09-25,East,Quarry Core,direct,2,480.0,960.0
100693,2024-09-26,South,Seam Analytics,partner,1,637.5,637.5
100694,2024-09-26,North,Seam Analytics,direct,1,750.0,750.0
100695,2024-09-26,East,Quarry Core,self-serve,5,456.0,2280.0
100696,2024-09-26,West,Quarry Core,direct,1,480.0,480.0
100697,2024-09-30,East,Seam Analytics,self-serve,2,712.5,1425.0
100698,2024-10-01,North,Bedrock Add-on,direct,2,260.0,520.0
100699,2024-10-01,South,Quarry Core,direct,1,480.0,480.0
100700,2024-10-01,North,Quarry Core,self-serve,1,456.0,456.0
100701,2024-10-01,North,Seam Analytics,self-serve,2,712.5,1425.0
100702,2024-10-02,North,Seam Analytics,direct,1,750.0,750.0
100703,2024-10-02,South,Seam Analytics,partner,1,637.5,637.5
100704,2024-10-02,West,Quarry Core,self-serve,5,456.0,2280.0
100705,2024-10-03,North,Seam Analytics,partner,2,637.5,1275.0
100706,2024-10-03,West,Bedrock Add-on,direct,2,260.0,520.0
100707,2024-10-04,South,Seam Analytics,direct,1,750.0,750.0
100708,2024-10-04,North,Quarry Core,partner,3,408.0,1224.0
100709,2024-10-04,East,Quarry Core,self-serve,1,456.0,456.0
100710,2024-10-06,East,Bedrock Add-on,self-serve,2,247.0,494.0
100711,2024-10-07,West,Quarry Lite,self-serve,1,114.0,114.0
100712,2024-10-08,East,Quarry Core,direct,1,480.0,480.0
100713,2024-10-08,East,Quarry Core,self-serve,10,456.0,4560.0
100714,2024-10-09,East,Bedrock Add-on,self-serve,1,247.0,247.0
100715,2024-10-09,East,Seam Analytics,direct,3,750.0,2250.0
100716,2024-10-09,North,Seam Analytics,self-serve,2,712.5,1425.0
100717,2024-10-10,South,Quarry Lite,direct,10,120.0,1200.0
100718,2024-10-10,North,Quarry Lite,direct,5,120.0,600.0
100719,2024-10-11,East,Quarry Lite,direct,3,120.0,360.0
100720,2024-10-11,South,Seam Analytics,direct,2,750.0,1500.0
100721,2024-10-14,South,Seam Analytics,self-serve,1,712.5,712.5
100722,2024-10-14,North,Seam Analytics,partner,1,637.5,637.5
100723,2024-10-15,North,Quarry Lite,self-serve,2,114.0,228.0
100724,2024-10-16,South,Quarry Core,direct,1,480.0,480.0
100725,2024-10-18,West,Seam Analytics,partner,1,637.5,637.5
100726,2024-10-18,East,Seam Analytics,partner,5,637.5,3187.5
100727,2024-10-21,North,Seam Analytics,direct,3,750.0,2250.0
100728,2024-10-21,North,Quarry Core,self-serve,3,456.0,1368.0
100729,2024-10-22,North,Quarry Core,self-serve,1,456.0,456.0
100730,2024-10-22,East,Seam Analytics,partner,1,637.5,637.5
100731,2024-10-22,North,Quarry Core,direct,5,480.0,2400.0
100732,2024-10-23,North,Quarry Lite,partner,5,102.0,510.0
100733,2024-10-23,West,Quarry Core,direct,3,480.0,1440.0
100734,2024-10-24,West,Seam Analytics,self-serve,3,712.5,2137.5
100735,2024-10-25,North,Quarry Lite,self-serve,3,114.0,342.0
100736,2024-10-25,North,Quarry Lite,direct,5,120.0,600.0
100737,2024-10-26,East,Quarry Lite,partner,1,102.0,102.0
100738,2024-10-26,West,Quarry Lite,direct,1,120.0,120.0
100739,2024-10-26,East,Bedrock Add-on,partner,3,221.0,663.0
100740,2024-10-27,West,Seam Analytics,self-serve,3,712.5,2137.5
100741,2024-10-27,North,Quarry Core,direct,1,480.0,480.0
100742,2024-10-28,East,Quarry Lite,direct,5,120.0,600.0
100743,2024-10-29,East,Seam Analytics,direct,1,750.0,750.0
100744,2024-10-30,East,Quarry Core,direct,1,480.0,480.0
100745,2024-10-30,West,Seam Analytics,self-serve,1,712.5,712.5
100746,2024-10-31,North,Quarry Core,partner,3,408.0,1224.0
100747,2024-10-31,North,Bedrock Add-on,partner,1,221.0,221.0
100748,2024-11-01,North,Quarry Core,direct,1,480.0,480.0
100749,2024-11-01,South,Bedrock Add-on,partner,2,221.0,442.0
100750,2024-11-01,East,Quarry Core,partner,1,408.0,408.0
100751,2024-11-02,South,Seam Analytics,self-serve,1,712.5,712.5
100752,2024-11-04,East,Quarry Core,direct,3,480.0,1440.0
100753,2024-11-04,East,Seam Analytics,partner,1,637.5,637.5
100754,2024-11-05,East,Bedrock Add-on,direct,1,260.0,260.0
100755,2024-11-06,South,Seam Analytics,self-serve,1,712.5,712.5
100756,2024-11-06,West,Quarry Core,self-serve,1,456.0,456.0
100757,2024-11-07,North,Seam Analytics,partner,2,637.5,1275.0
100758,2024-11-07,South,Quarry Lite,direct,1,120.0,120.0
100759,2024-11-08,West,Quarry Core,partner,1,408.0,408.0
100760,2024-11-08,North,Quarry Core,partner,1,408.0,408.0
100761,2024-11-08,East,Quarry Core,partner,2,408.0,816.0
100762,2024-11-08,East,Quarry Lite,self-serve,1,114.0,114.0
100763,2024-11-09,North,Quarry Core,direct,3,480.0,1440.0
100764,2024-11-11,North,Seam Analytics,self-serve,2,712.5,1425.0
100765,2024-11-11,South,Seam Analytics,direct,3,750.0,2250.0
100766,2024-11-11,South,Quarry Lite,direct,3,120.0,360.0
100767,2024-11-12,West,Seam Analytics,direct,1,750.0,750.0
100768,2024-11-12,North,Quarry Core,direct,2,480.0,960.0
100769,2024-11-12,West,Bedrock Add-on,self-serve,2,247.0,494.0
100770,2024-11-12,West,Quarry Core,self-serve,2,456.0,912.0
100771,2024-11-12,East,Quarry Core,direct,1,480.0,480.0
100772,2024-11-12,East,Seam Analytics,self-serve,1,712.5,712.5
100773,2024-11-13,East,Bedrock Add-on,partner,1,221.0,221.0
100774,2024-11-13,North,Seam Analytics,self-serve,1,712.5,712.5
100775,2024-11-13,East,Bedrock Add-on,partner,3,221.0,663.0
100776,2024-11-14,North,Quarry Lite,direct,1,120.0,120.0
100777,2024-11-14,West,Seam Analytics,partner,2,637.5,1275.0
100778,2024-11-14,North,Quarry Lite,partner,2,102.0,204.0
100779,2024-11-14,North,Quarry Core,partner,3,408.0,1224.0
100780,2024-11-15,West,Bedrock Add-on,self-serve,5,247.0,1235.0
100781,2024-11-15,North,Seam Analytics,self-serve,2,712.5,1425.0
100782,2024-11-16,North,Bedrock Add-on,direct,1,260.0,260.0
100783,2024-11-16,South,Seam Analytics,partner,2,637.5,1275.0
100784,2024-11-16,North,Quarry Lite,direct,1,120.0,120.0
100785,2024-11-18,South,Quarry Lite,partner,1,102.0,102.0
100786,2024-11-18,North,Seam Analytics,self-serve,2,712.5,1425.0
100787,2024-11-18,East,Quarry Lite,direct,1,120.0,120.0
100788,2024-11-19,South,Quarry Core,partner,1,408.0,408.0
100789,2024-11-20,South,Bedrock Add-on,self-serve,1,247.0,247.0
100790,2024-11-20,West,Bedrock Add-on,direct,2,260.0,520.0
100791,2024-11-21,North,Bedrock Add-on,partner,10,221.0,2210.0
100792,2024-11-21,East,Bedrock Add-on,self-serve,5,247.0,1235.0
100793,2024-11-21,East,Quarry Lite,self-serve,2,114.0,228.0
100794,2024-11-22,West,Quarry Lite,direct,1,120.0,120.0
100795,2024-11-22,South,Quarry Lite,self-serve,2,114.0,228.0
100796,2024-11-22,West,Quarry Lite,partner,2,102.0,204.0
100797,2024-11-24,East,Quarry Core,partner,2,408.0,816.0
100798,2024-11-24,South,Quarry Core,self-serve,1,456.0,456.0
100799,2024-11-25,North,Quarry Core,direct,1,480.0,480.0
100800,2024-11-26,East,Quarry Lite,self-serve,1,114.0,114.0
100801,2024-11-26,West,Seam Analytics,self-serve,2,712.5,1425.0
100802,2024-11-27,South,Bedrock Add-on,partner,1,221.0,221.0
100803,2024-11-27,North,Quarry Lite,partner,3,102.0,306.0
100804,2024-11-28,East,Quarry Core,direct,1,480.0,480.0
100805,2024-11-28,North,Quarry Core,direct,3,480.0,1440.0
100806,2024-11-29,South,Quarry Lite,direct,1,120.0,120.0
100807,2024-11-29,East,Quarry Core,partner,1,408.0,408.0
100808,2024-11-30,West,Bedrock Add-on,self-serve,1,247.0,247.0
100809,2024-12-01,East,Quarry Core,partner,1,408.0,408.0
100810,2024-12-02,West,Quarry Lite,self-serve,5,114.0,570.0
100811,2024-12-02,North,Quarry Lite,direct,5,120.0,600.0
100812,2024-12-02,North,Bedrock Add-on,self-serve,3,247.0,741.0
100813,2024-12-02,North,Quarry Core,direct,2,480.0,960.0
100814,2024-12-03,West,Quarry Lite,direct,1,120.0,120.0
100815,2024-12-03,South,Quarry Lite,self-serve,5,114.0,570.0
100816,2024-12-03,North,Quarry Lite,self-serve,3,114.0,342.0
100817,2024-12-04,East,Bedrock Add-on,direct,1,260.0,260.0
100818,2024-12-04,West,Seam Analytics,self-serve,10,712.5,7125.0
100819,2024-12-05,East,Bedrock Add-on,direct,1,260.0,260.0
100820,2024-12-05,East,Quarry Core,self-serve,5,456.0,2280.0
100821,2024-12-05,North,Quarry Lite,direct,1,120.0,120.0
100822,2024-12-05,West,Bedrock Add-on,direct,2,260.0,520.0
100823,2024-12-05,West,Seam Analytics,direct,1,750.0,750.0
100824,2024-12-06,East,Seam Analytics,direct,3,750.0,2250.0
100825,2024-12-06,North,Quarry Core,self-serve,1,456.0,456.0
100826,2024-12-06,West,Seam Analytics,partner,2,637.5,1275.0
100827,2024-12-07,West,Quarry Lite,direct,5,120.0,600.0
100828,2024-12-08,East,Bedrock Add-on,self-serve,10,247.0,2470.0
100829,2024-12-08,West,Bedrock Add-on,direct,2,260.0,520.0
100830,2024-12-09,North,Quarry Lite,self-serve,1,114.0,114.0
100831,2024-12-09,West,Quarry Lite,direct,1,120.0,120.0
100832,2024-12-09,South,Quarry Core,partner,1,408.0,408.0
100833,2024-12-09,South,Quarry Lite,direct,1,120.0,120.0
100834,2024-12-10,North,Seam Analytics,partner,2,637.5,1275.0
100835,2024-12-10,North,Seam Analytics,self-serve,1,712.5,712.5
100836,2024-12-10,West,Bedrock Add-on,direct,3,260.0,780.0
100837,2024-12-10,North,Bedrock Add-on,self-serve,1,247.0,247.0
100838,2024-12-11,West,Bedrock Add-on,partner,1,221.0,221.0
100839,2024-12-11,East,Quarry Lite,direct,3,120.0,360.0
100840,2024-12-11,East,Seam Analytics,direct,2,750.0,1500.0
100841,2024-12-12,North,Quarry Lite,self-serve,1,114.0,114.0
100842,2024-12-12,East,Bedrock Add-on,partner,1,221.0,221.0
100843,2024-12-12,West,Quarry Core,self-serve,1,456.0,456.0
100844,2024-12-13,South,Bedrock Add-on,direct,3,260.0,780.0
100845,2024-12-13,South,Seam Analytics,direct,1,750.0,750.0
100846,2024-12-13,North,Bedrock Add-on,direct,1,260.0,260.0
100847,2024-12-13,West,Seam Analytics,direct,1,750.0,750.0
100848,2024-12-14,North,Quarry Core,direct,2,480.0,960.0
100849,2024-12-14,West,Seam Analytics,partner,1,637.5,637.5
100850,2024-12-14,North,Quarry Lite,self-serve,1,114.0,114.0
100851,2024-12-15,North,Quarry Lite,partner,1,102.0,102.0
100852,2024-12-15,North,Quarry Lite,direct,1,120.0,120.0
100853,2024-12-16,North,Quarry Core,direct,1,480.0,480.0
100854,2024-12-17,West,Quarry Core,self-serve,2,456.0,912.0
100855,2024-12-17,North,Quarry Lite,direct,1,120.0,120.0
100856,2024-12-18,North,Seam Analytics,direct,1,750.0,750.0
100857,2024-12-18,South,Seam Analytics,direct,5,750.0,3750.0
100858,2024-12-19,West,Bedrock Add-on,direct,1,260.0,260.0
100859,2024-12-19,South,Seam Analytics,self-serve,1,712.5,712.5
100860,2024-12-20,South,Quarry Lite,partner,1,102.0,102.0
100861,2024-12-20,North,Quarry Lite,direct,2,120.0,240.0
100862,2024-12-20,North,Quarry Lite,direct,3,120.0,360.0
100863,2024-12-21,South,Seam Analytics,partner,10,637.5,6375.0
100864,2024-12-21,West,Seam Analytics,partner,10,637.5,6375.0
100865,2024-12-23,East,Quarry Lite,self-serve,2,114.0,228.0
100866,2024-12-24,East,Quarry Lite,self-serve,2,114.0,228.0
100867,2024-12-24,West,Seam Analytics,self-serve,10,712.5,7125.0
100868,2024-12-24,North,Seam Analytics,partner,2,637.5,1275.0
100869,2024-12-24,South,Seam Analytics,partner,2,637.5,1275.0
100870,2024-12-24,South,Seam Analytics,direct,3,750.0,2250.0
100871,2024-12-25,East,Seam Analytics,direct,1,750.0,750.0
100872,2024-12-25,South,Seam Analytics,partner,2,637.5,1275.0
100873,2024-12-25,North,Bedrock Add-on,direct,1,260.0,260.0
100874,2024-12-25,South,Seam Analytics,self-serve,1,712.5,712.5
100875,2024-12-25,South,Bedrock Add-on,direct,1,260.0,260.0
100876,2024-12-26,West,Quarry Lite,partner,1,102.0,102.0
100877,2024-12-26,South,Seam Analytics,self-serve,1,712.5,712.5
100878,2024-12-26,East,Seam Analytics,direct,1,750.0,750.0
100879,2024-12-26,North,Quarry Core,direct,1,480.0,480.0
100880,2024-12-27,South,Quarry Lite,self-serve,2,114.0,228.0
100881,2024-12-28,North,Bedrock Add-on,partner,2,221.0,442.0
100882,2024-12-28,North,Bedrock Add-on,direct,1,260.0,260.0
100883,2024-12-28,North,Quarry Core,partner,1,408.0,408.0
100884,2024-12-29,East,Quarry Core,direct,5,480.0,2400.0
100885,2024-12-29,North,Seam Analytics,self-serve,3,712.5,2137.5
100886,2024-12-30,West,Quarry Lite,self-serve,1,114.0,114.0
100887,2024-12-30,North,Quarry Lite,direct,2,120.0,240.0
100888,2024-12-30,East,Quarry Lite,partner,3,102.0,306.0
100889,2024-12-30,East,Seam Analytics,direct,2,750.0,1500.0
100890,2024-12-31,West,Bedrock Add-on,direct,1,260.0,260.0
100891,2025-01-01,East,Quarry Lite,direct,1,120.0,120.0
100892,2025-01-01,West,Seam Analytics,direct,1,750.0,750.0
100893,2025-01-01,North,Quarry Lite,direct,2,120.0,240.0
100894,2025-01-01,North,Quarry Lite,direct,1,120.0,120.0
100895,2025-01-02,West,Quarry Lite,direct,1,120.0,120.0
100896,2025-01-02,West,Quarry Lite,direct,1,120.0,120.0
100897,2025-01-02,South,Quarry Lite,self-serve,3,114.0,342.0
100898,2025-01-02,South,Seam Analytics,direct,1,750.0,750.0
100899,2025-01-03,South,Quarry Core,direct,2,480.0,960.0
100900,2025-01-03,South,Bedrock Add-on,self-serve,5,247.0,1235.0
100901,2025-01-04,North,Quarry Lite,self-serve,2,114.0,228.0
100902,2025-01-04,North,Seam Analytics,self-serve,1,712.5,712.5
100903,2025-01-05,North,Bedrock Add-on,partner,2,221.0,442.0
100904,2025-01-05,North,Bedrock Add-on,partner,5,221.0,1105.0
100905,2025-01-06,North,Quarry Core,partner,1,408.0,408.0
100906,2025-01-06,South,Quarry Core,self-serve,3,456.0,1368.0
100907,2025-01-06,East,Quarry Lite,self-serve,1,114.0,114.0
100908,2025-01-06,South,Quarry Core,self-serve,3,456.0,1368.0
100909,2025-01-06,South,Quarry Core,direct,1,480.0,480.0
100910,2025-01-07,East,Quarry Core,direct,1,480.0,480.0
100911,2025-01-07,East,Bedrock Add-on,direct,1,260.0,260.0
100912,2025-01-07,North,Quarry Core,direct,1,480.0,480.0
100913,2025-01-08,North,Seam Analytics,direct,2,750.0,1500.0
100914,2025-01-08,North,Quarry Lite,direct,5,120.0,600.0
100915,2025-01-09,East,Bedrock Add-on,direct,1,260.0,260.0
100916,2025-01-09,East,Quarry Lite,direct,3,120.0,360.0
100917,2025-01-09,East,Seam Analytics,direct,1,750.0,750.0
100918,2025-01-09,East,Quarry Lite,self-serve,1,114.0,114.0
100919,2025-01-10,South,Bedrock Add-on,direct,1,260.0,260.0
100920,2025-01-10,North,Quarry Lite,partner,3,102.0,306.0
100921,2025-01-10,West,Bedrock Add-on,partner,2,221.0,442.0
100922,2025-01-12,West,Quarry Lite,direct,1,120.0,120.0
100923,2025-01-13,North,Bedrock Add-on,direct,5,260.0,1300.0
100924,2025-01-13,North,Quarry Lite,partner,2,102.0,204.0
100925,2025-01-13,South,Quarry Lite,self-serve,1,114.0,114.0
100926,2025-01-14,North,Bedrock Add-on,direct,1,260.0,260.0
100927,2025-01-14,West,Quarry Core,partner,5,408.0,2040.0
100928,2025-01-14,South,Bedrock Add-on,direct,3,260.0,780.0
100929,2025-01-14,South,Seam Analytics,self-serve,1,712.5,712.5
100930,2025-01-15,East,Quarry Core,direct,1,480.0,480.0
100931,2025-01-15,North,Seam Analytics,self-serve,10,712.5,7125.0
100932,2025-01-15,North,Quarry Core,direct,2,480.0,960.0
100933,2025-01-15,East,Quarry Lite,self-serve,2,114.0,228.0
100934,2025-01-16,East,Seam Analytics,direct,3,750.0,2250.0
100935,2025-01-16,East,Quarry Core,partner,1,408.0,408.0
100936,2025-01-16,East,Quarry Lite,partner,5,102.0,510.0
100937,2025-01-17,West,Seam Analytics,partner,1,637.5,637.5
100938,2025-01-17,North,Seam Analytics,direct,1,750.0,750.0
100939,2025-01-17,West,Quarry Lite,partner,1,102.0,102.0
100940,2025-01-18,East,Quarry Lite,partner,1,102.0,102.0
100941,2025-01-18,South,Bedrock Add-on,direct,10,260.0,2600.0
100942,2025-01-19,North,Quarry Core,self-serve,1,456.0,456.0
100943,2025-01-19,North,Quarry Core,direct,2,480.0,960.0
100944,2025-01-20,North,Bedrock Add-on,partner,1,221.0,221.0
100945,2025-01-20,North,Seam Analytics,partner,1,637.5,637.5
100946,2025-01-20,South,Seam Analytics,self-serve,1,712.5,712.5
100947,2025-01-20,North,Quarry Lite,direct,3,120.0,360.0
100948,2025-01-20,North,Quarry Lite,direct,2,120.0,240.0
100949,2025-01-20,North,Quarry Core,self-serve,2,456.0,912.0
100950,2025-01-21,West,Seam Analytics,self-serve,1,712.5,712.5
100951,2025-01-21,East,Quarry Lite,self-serve,1,114.0,114.0
100952,2025-01-21,East,Bedrock Add-on,direct,1,260.0,260.0
100953,2025-01-22,South,Bedrock Add-on,self-serve,1,247.0,247.0
100954,2025-01-22,North,Quarry Lite,partner,2,102.0,204.0
100955,2025-01-22,South,Quarry Core,self-serve,1,456.0,456.0
100956,2025-01-22,South,Bedrock Add-on,direct,3,260.0,780.0
100957,2025-01-23,North,Quarry Lite,direct,1,120.0,120.0
100958,2025-01-23,East,Bedrock Add-on,self-serve,1,247.0,247.0
100959,2025-01-23,South,Bedrock Add-on,self-serve,1,247.0,247.0
100960,2025-01-23,West,Bedrock Add-on,direct,1,260.0,260.0
100961,2025-01-24,East,Bedrock Add-on,direct,3,260.0,780.0
100962,2025-01-24,North,Quarry Lite,direct,1,120.0,120.0
100963,2025-01-24,East,Quarry Core,direct,2,480.0,960.0
100964,2025-01-24,East,Quarry Lite,self-serve,3,114.0,342.0
100965,2025-01-24,East,Seam Analytics,direct,1,750.0,750.0
100966,2025-01-24,North,Quarry Lite,self-serve,5,114.0,570.0
100967,2025-01-25,South,Quarry Core,partner,1,408.0,408.0
100968,2025-01-26,South,Seam Analytics,partner,1,637.5,637.5
100969,2025-01-26,South,Bedrock Add-on,direct,3,260.0,780.0
100970,2025-01-26,East,Quarry Lite,self-serve,2,114.0,228.0
100971,2025-01-27,East,Quarry Core,partner,1,408.0,408.0
100972,2025-01-27,South,Quarry Lite,direct,5,120.0,600.0
100973,2025-01-27,North,Bedrock Add-on,self-serve,3,247.0,741.0
100974,2025-01-27,North,Bedrock Add-on,self-serve,1,247.0,247.0
100975,2025-01-28,West,Quarry Lite,direct,1,120.0,120.0
100976,2025-01-28,West,Bedrock Add-on,self-serve,1,247.0,247.0
100977,2025-01-28,West,Seam Analytics,direct,2,750.0,1500.0
100978,2025-01-28,East,Quarry Lite,direct,2,120.0,240.0
100979,2025-01-29,West,Quarry Core,self-serve,1,456.0,456.0
100980,2025-01-29,South,Seam Analytics,self-serve,5,712.5,3562.5
100981,2025-01-29,North,Quarry Lite,self-serve,10,114.0,1140.0
100982,2025-01-30,North,Bedrock Add-on,partner,1,221.0,221.0
100983,2025-01-30,North,Seam Analytics,direct,3,750.0,2250.0
100984,2025-01-30,East,Seam Analytics,self-serve,10,712.5,7125.0
100985,2025-01-30,South,Quarry Lite,self-serve,1,114.0,114.0
100986,2025-01-30,West,Bedrock Add-on,direct,5,260.0,1300.0
100987,2025-01-31,West,Seam Analytics,partner,1,637.5,637.5
100988,2025-01-31,East,Quarry Core,partner,2,408.0,816.0
100989,2025-02-01,North,Seam Analytics,self-serve,2,712.5,1425.0
100990,2025-02-01,North,Quarry Core,partner,2,408.0,816.0
100991,2025-02-02,South,Quarry Core,self-serve,2,456.0,912.0
100992,2025-02-03,East,Bedrock Add-on,direct,1,260.0,260.0
100993,2025-02-03,North,Quarry Core,self-serve,1,456.0,456.0
100994,2025-02-03,East,Quarry Core,partner,1,408.0,408.0
100995,2025-02-03,North,Bedrock Add-on,direct,3,260.0,780.0
100996,2025-02-04,North,Seam Analytics,partner,1,637.5,637.5
100997,2025-02-04,North,Seam Analytics,direct,2,750.0,1500.0
100998,2025-02-04,West,Quarry Core,direct,1,480.0,480.0
100999,2025-02-04,North,Quarry Core,direct,2,480.0,960.0
101000,2025-02-04,East,Quarry Lite,self-serve,3,114.0,342.0
101001,2025-02-05,South,Quarry Lite,partner,1,102.0,102.0
101002,2025-02-05,North,Seam Analytics,self-serve,1,712.5,712.5
101003,2025-02-05,South,Quarry Core,direct,1,480.0,480.0
101004,2025-02-05,South,Quarry Core,partner,1,408.0,408.0
101005,2025-02-05,North,Quarry Core,direct,2,480.0,960.0
101006,2025-02-05,East,Bedrock Add-on,direct,10,260.0,2600.0
101007,2025-02-06,North,Bedrock Add-on,partner,2,221.0,442.0
101008,2025-02-06,East,Bedrock Add-on,direct,5,260.0,1300.0
101009,2025-02-06,East,Seam Analytics,self-serve,1,712.5,712.5
101010,2025-02-06,North,Quarry Lite,self-serve,2,114.0,228.0
101011,2025-02-06,East,Bedrock Add-on,direct,1,260.0,260.0
101012,2025-02-07,North,Bedrock Add-on,direct,3,260.0,780.0
101013,2025-02-07,West,Seam Analytics,direct,2,750.0,1500.0
101014,2025-02-07,South,Quarry Core,direct,1,480.0,480.0
101015,2025-02-07,South,Seam Analytics,direct,1,750.0,750.0
101016,2025-02-08,North,Quarry Lite,partner,1,102.0,102.0
101017,2025-02-08,West,Seam Analytics,self-serve,1,712.5,712.5
101018,2025-02-08,East,Quarry Core,self-serve,1,456.0,456.0
101019,2025-02-09,East,Quarry Lite,partner,5,102.0,510.0
101020,2025-02-09,East,Bedrock Add-on,direct,1,260.0,260.0
101021,2025-02-09,East,Bedrock Add-on,self-serve,2,247.0,494.0
101022,2025-02-10,East,Bedrock Add-on,self-serve,1,247.0,247.0
101023,2025-02-10,North,Bedrock Add-on,self-serve,2,247.0,494.0
101024,2025-02-10,East,Seam Analytics,direct,2,750.0,1500.0
101025,2025-02-10,North,Quarry Lite,direct,1,120.0,120.0
101026,2025-02-10,North,Quarry Lite,self-serve,2,114.0,228.0
101027,2025-02-11,East,Quarry Core,direct,5,480.0,2400.0
101028,2025-02-11,North,Seam Analytics,partner,1,637.5,637.5
101029,2025-02-11,East,Quarry Lite,self-serve,2,114.0,228.0
101030,2025-02-11,North,Seam Analytics,partner,1,637.5,637.5
101031,2025-02-12,South,Bedrock Add-on,self-serve,1,247.0,247.0
101032,2025-02-12,North,Quarry Core,self-serve,3,456.0,1368.0
101033,2025-02-12,South,Seam Analytics,direct,1,750.0,750.0
101034,2025-02-13,East,Quarry Lite,self-serve,5,114.0,570.0
101035,2025-02-13,North,Quarry Core,direct,2,480.0,960.0
101036,2025-02-13,North,Quarry Lite,partner,1,102.0,102.0
101037,2025-02-13,East,Bedrock Add-on,direct,1,260.0,260.0
101038,2025-02-14,North,Seam Analytics,direct,1,750.0,750.0
101039,2025-02-14,West,Quarry Lite,direct,2,120.0,240.0
101040,2025-02-14,East,Seam Analytics,partner,5,637.5,3187.5
101041,2025-02-15,East,Quarry Lite,direct,5,120.0,600.0
101042,2025-02-15,East,Quarry Lite,partner,1,102.0,102.0
101043,2025-02-15,South,Quarry Core,direct,2,480.0,960.0
101044,2025-02-15,East,Seam Analytics,self-serve,2,712.5,1425.0
101045,2025-02-15,East,Quarry Lite,partner,3,102.0,306.0
101046,2025-02-16,North,Quarry Core,partner,1,408.0,408.0
101047,2025-02-16,South,Bedrock Add-on,partner,1,221.0,221.0
101048,2025-02-17,South,Quarry Core,direct,1,480.0,480.0
101049,2025-02-18,South,Bedrock Add-on,direct,2,260.0,520.0
101050,2025-02-18,North,Quarry Lite,direct,3,120.0,360.0
101051,2025-02-18,West,Quarry Core,direct,10,480.0,4800.0
101052,2025-02-18,East,Quarry Lite,direct,1,120.0,120.0
101053,2025-02-18,West,Bedrock Add-on,direct,1,260.0,260.0
101054,2025-02-19,North,Seam Analytics,self-serve,1,712.5,712.5
101055,2025-02-19,North,Quarry Core,self-serve,1,456.0,456.0
101056,2025-02-19,West,Quarry Lite,self-serve,2,114.0,228.0
101057,2025-02-19,North,Quarry Core,direct,1,480.0,480.0
101058,2025-02-19,West,Bedrock Add-on,partner,1,221.0,221.0
101059,2025-02-20,North,Quarry Lite,direct,1,120.0,120.0
101060,2025-02-20,South,Bedrock Add-on,partner,3,221.0,663.0
101061,2025-02-20,South,Quarry Core,direct,1,480.0,480.0
101062,2025-02-20,North,Bedrock Add-on,direct,1,260.0,260.0
101063,2025-02-20,East,Quarry Lite,self-serve,5,114.0,570.0
101064,2025-02-21,West,Quarry Core,partner,1,408.0,408.0
101065,2025-02-21,North,Seam Analytics,direct,1,750.0,750.0
101066,2025-02-21,North,Seam Analytics,self-serve,10,712.5,7125.0
101067,2025-02-21,North,Quarry Core,direct,1,480.0,480.0
101068,2025-02-21,West,Seam Analytics,partner,1,637.5,637.5
101069,2025-02-21,South,Quarry Core,direct,1,480.0,480.0
101070,2025-02-22,North,Quarry Core,partner,2,408.0,816.0
101071,2025-02-22,West,Seam Analytics,partner,1,637.5,637.5
101072,2025-02-24,East,Bedrock Add-on,direct,2,260.0,520.0
101073,2025-02-24,East,Quarry Core,direct,1,480.0,480.0
101074,2025-02-24,South,Quarry Lite,self-serve,2,114.0,228.0
101075,2025-02-25,East,Quarry Core,partner,1,408.0,408.0
101076,2025-02-25,North,Bedrock Add-on,direct,2,260.0,520.0
101077,2025-02-25,North,Quarry Core,direct,1,480.0,480.0
101078,2025-02-25,North,Quarry Core,direct,2,480.0,960.0
101079,2025-02-26,South,Bedrock Add-on,self-serve,1,247.0,247.0
101080,2025-02-26,West,Seam Analytics,self-serve,1,712.5,712.5
101081,2025-02-27,East,Quarry Core,direct,1,480.0,480.0
101082,2025-02-27,South,Seam Analytics,partner,1,637.5,637.5
101083,2025-02-27,West,Bedrock Add-on,self-serve,2,247.0,494.0
101084,2025-02-27,North,Seam Analytics,self-serve,1,712.5,712.5
101085,2025-02-27,West,Bedrock Add-on,partner,1,221.0,221.0
101086,2025-02-28,North,Bedrock Add-on,partner,3,221.0,663.0
101087,2025-02-28,North,Seam Analytics,self-serve,1,712.5,712.5
101088,2025-02-28,North,Seam Analytics,self-serve,1,712.5,712.5
101089,2025-02-28,South,Quarry Core,self-serve,2,456.0,912.0
101090,2025-02-28,North,Quarry Lite,partner,1,102.0,102.0
101091,2025-03-01,South,Bedrock Add-on,self-serve,1,247.0,247.0
101092,2025-03-01,North,Seam Analytics,self-serve,1,712.5,712.5
101093,2025-03-02,East,Quarry Core,direct,2,480.0,960.0
101094,2025-03-03,South,Seam Analytics,direct,5,750.0,3750.0
101095,2025-03-03,West,Quarry Lite,direct,1,120.0,120.0
101096,2025-03-03,East,Quarry Lite,self-serve,5,114.0,570.0
101097,2025-03-03,West,Quarry Lite,direct,5,120.0,600.0
101098,2025-03-04,West,Seam Analytics,direct,10,750.0,7500.0
101099,2025-03-04,East,Seam Analytics,self-serve,1,712.5,712.5
101100,2025-03-04,West,Quarry Core,self-serve,2,456.0,912.0
101101,2025-03-05,West,Quarry Lite,self-serve,3,114.0,342.0
101102,2025-03-05,North,Quarry Core,self-serve,2,456.0,912.0
101103,2025-03-05,North,Quarry Core,self-serve,1,456.0,456.0
101104,2025-03-05,North,Quarry Core,direct,2,480.0,960.0
101105,2025-03-05,North,Quarry Lite,partner,5,102.0,510.0
101106,2025-03-05,West,Seam Analytics,direct,1,750.0,750.0
101107,2025-03-06,North,Seam Analytics,direct,1,750.0,750.0
101108,2025-03-06,North,Quarry Core,direct,2,480.0,960.0
101109,2025-03-06,East,Seam Analytics,direct,2,750.0,1500.0
101110,2025-03-06,North,Seam Analytics,direct,3,750.0,2250.0
101111,2025-03-06,North,Quarry Lite,direct,2,120.0,240.0
101112,2025-03-06,North,Bedrock Add-on,partner,5,221.0,1105.0
101113,2025-03-07,South,Quarry Lite,direct,1,120.0,120.0
101114,2025-03-07,East,Seam Analytics,direct,1,750.0,750.0
101115,2025-03-07,South,Seam Analytics,self-serve,1,712.5,712.5
101116,2025-03-07,West,Seam Analytics,partner,2,637.5,1275.0
101117,2025-03-08,East,Bedrock Add-on,partner,2,221.0,442.0
101118,2025-03-09,North,Seam Analytics,direct,5,750.0,3750.0
101119,2025-03-10,East,Quarry Core,partner,2,408.0,816.0
101120,2025-03-10,South,Seam Analytics,direct,10,750.0,7500.0
101121,2025-03-10,West,Quarry Core,direct,5,480.0,2400.0
101122,2025-03-10,South,Bedrock Add-on,self-serve,1,247.0,247.0
101123,2025-03-11,North,Seam Analytics,self-serve,1,712.5,712.5
101124,2025-03-11,North,Quarry Lite,self-serve,2,114.0,228.0
101125,2025-03-11,North,Quarry Lite,self-serve,3,114.0,342.0
101126,2025-03-11,North,Seam Analytics,self-serve,3,712.5,2137.5
101127,2025-03-12,North,Quarry Lite,self-serve,1,114.0,114.0
101128,2025-03-12,West,Bedrock Add-on,direct,1,260.0,260.0
101129,2025-03-12,East,Quarry Core,partner,1,408.0,408.0
101130,2025-03-12,East,Seam Analytics,self-serve,1,712.5,712.5
101131,2025-03-12,North,Seam Analytics,direct,1,750.0,750.0
101132,2025-03-12,South,Quarry Lite,self-serve,3,114.0,342.0
101133,2025-03-13,North,Seam Analytics,partner,2,637.5,1275.0
101134,2025-03-13,East,Quarry Lite,direct,1,120.0,120.0
101135,2025-03-13,North,Seam Analytics,direct,2,750.0,1500.0
101136,2025-03-13,East,Bedrock Add-on,partner,1,221.0,221.0
101137,2025-03-14,North,Quarry Lite,direct,2,120.0,240.0
101138,2025-03-14,South,Seam Analytics,self-serve,3,712.5,2137.5
101139,2025-03-14,South,Quarry Lite,direct,10,120.0,1200.0
101140,2025-03-14,South,Quarry Lite,direct,1,120.0,120.0
101141,2025-03-15,South,Bedrock Add-on,direct,1,260.0,260.0
101142,2025-03-15,North,Bedrock Add-on,partner,5,221.0,1105.0
101143,2025-03-15,West,Quarry Lite,direct,3,120.0,360.0
101144,2025-03-17,East,Seam Analytics,partner,1,637.5,637.5
101145,2025-03-17,North,Seam Analytics,direct,1,750.0,750.0
101146,2025-03-17,North,Bedrock Add-on,direct,1,260.0,260.0
101147,2025-03-17,North,Seam Analytics,partner,2,637.5,1275.0
101148,2025-03-17,North,Quarry Lite,direct,3,120.0,360.0
101149,2025-03-17,West,Seam Analytics,direct,5,750.0,3750.0
101150,2025-03-17,South,Bedrock Add-on,partner,1,221.0,221.0
101151,2025-03-17,North,Quarry Core,self-serve,2,456.0,912.0
101152,2025-03-17,South,Quarry Core,direct,1,480.0,480.0
101153,2025-03-18,North,Seam Analytics,self-serve,1,712.5,712.5
101154,2025-03-18,North,Quarry Core,direct,1,480.0,480.0
101155,2025-03-18,North,Quarry Lite,direct,5,120.0,600.0
101156,2025-03-19,East,Seam Analytics,partner,2,637.5,1275.0
101157,2025-03-19,North,Quarry Core,partner,1,408.0,408.0
101158,2025-03-19,North,Quarry Lite,direct,1,120.0,120.0
101159,2025-03-20,West,Bedrock Add-on,direct,2,260.0,520.0
101160,2025-03-20,West,Quarry Core,direct,3,480.0,1440.0
101161,2025-03-20,East,Seam Analytics,self-serve,5,712.5,3562.5
101162,2025-03-20,East,Quarry Core,self-serve,1,456.0,456.0
101163,2025-03-20,East,Bedrock Add-on,direct,1,260.0,260.0
101164,2025-03-20,East,Quarry Lite,direct,3,120.0,360.0
101165,2025-03-21,North,Bedrock Add-on,direct,1,260.0,260.0
101166,2025-03-21,East,Bedrock Add-on,direct,5,260.0,1300.0
101167,2025-03-21,North,Seam Analytics,direct,5,750.0,3750.0
101168,2025-03-21,West,Seam Analytics,direct,5,750.0,3750.0
101169,2025-03-22,East,Bedrock Add-on,self-serve,3,247.0,741.0
101170,2025-03-22,East,Quarry Core,direct,3,480.0,1440.0
101171,2025-03-23,West,Seam Analytics,partner,1,637.5,637.5
101172,2025-03-23,North,Quarry Core,self-serve,1,456.0,456.0
101173,2025-03-23,West,Quarry Core,direct,2,480.0,960.0
101174,2025-03-23,East,Seam Analytics,partner,3,637.5,1912.5
101175,2025-03-24,North,Seam Analytics,self-serve,3,712.5,2137.5
101176,2025-03-24,North,Bedrock Add-on,self-serve,1,247.0,247.0
101177,2025-03-24,North,Bedrock Add-on,partner,2,221.0,442.0
101178,2025-03-24,North,Quarry Core,direct,1,480.0,480.0
101179,2025-03-24,West,Seam Analytics,self-serve,1,712.5,712.5
101180,2025-03-25,East,Seam Analytics,partner,5,637.5,3187.5
101181,2025-03-25,North,Seam Analytics,direct,5,750.0,3750.0
101182,2025-03-25,East,Quarry Core,direct,5,480.0,2400.0
101183,2025-03-25,West,Quarry Core,direct,2,480.0,960.0
101184,2025-03-25,East,Bedrock Add-on,direct,1,260.0,260.0
101185,2025-03-25,North,Bedrock Add-on,self-serve,1,247.0,247.0
101186,2025-03-25,South,Seam Analytics,direct,2,750.0,1500.0
101187,2025-03-25,South,Seam Analytics,direct,1,750.0,750.0
101188,2025-03-26,North,Bedrock Add-on,direct,3,260.0,780.0
101189,2025-03-26,North,Bedrock Add-on,self-serve,1,247.0,247.0
101190,2025-03-26,West,Bedrock Add-on,direct,3,260.0,780.0
101191,2025-03-26,East,Quarry Core,direct,2,480.0,960.0
101192,2025-03-26,East,Quarry Lite,partner,1,102.0,102.0
101193,2025-03-27,East,Quarry Lite,direct,1,120.0,120.0
101194,2025-03-27,East,Bedrock Add-on,direct,3,260.0,780.0
101195,2025-03-27,West,Bedrock Add-on,self-serve,1,247.0,247.0
101196,2025-03-27,East,Seam Analytics,partner,2,637.5,1275.0
101197,2025-03-27,West,Quarry Core,self-serve,5,456.0,2280.0
101198,2025-03-28,North,Bedrock Add-on,direct,2,260.0,520.0
101199,2025-03-28,East,Quarry Lite,self-serve,2,114.0,228.0
101200,2025-03-28,North,Quarry Core,partner,2,408.0,816.0
101201,2025-03-28,North,Bedrock Add-on,self-serve,1,247.0,247.0
101202,2025-03-28,North,Bedrock Add-on,self-serve,2,247.0,494.0
101203,2025-03-30,North,Seam Analytics,direct,3,750.0,2250.0
101204,2025-03-30,West,Bedrock Add-on,direct,2,260.0,520.0
101205,2025-03-31,East,Quarry Core,self-serve,1,456.0,456.0
101206,2025-03-31,West,Quarry Lite,partner,1,102.0,102.0
101207,2025-03-31,East,Bedrock Add-on,direct,5,260.0,1300.0
101208,2025-03-31,North,Seam Analytics,partner,2,637.5,1275.0
101209,2025-03-31,West,Quarry Core,self-serve,1,456.0,456.0
101210,2025-03-31,East,Quarry Lite,direct,10,120.0,1200.0
101211,2025-03-31,East,Seam Analytics,partner,1,637.5,637.5
101212,2025-04-01,North,Bedrock Add-on,direct,3,260.0,780.0
101213,2025-04-01,East,Quarry Core,direct,3,480.0,1440.0
101214,2025-04-01,North,Quarry Lite,direct,1,120.0,120.0
101215,2025-04-01,East,Seam Analytics,direct,1,750.0,750.0
101216,2025-04-01,North,Bedrock Add-on,self-serve,1,247.0,247.0
101217,2025-04-02,East,Quarry Lite,direct,2,120.0,240.0
101218,2025-04-02,West,Seam Analytics,self-serve,5,712.5,3562.5
101219,2025-04-02,North,Quarry Core,direct,1,480.0,480.0
101220,2025-04-02,North,Bedrock Add-on,self-serve,10,247.0,2470.0
101221,2025-04-02,West,Bedrock Add-on,self-serve,3,247.0,741.0
101222,2025-04-02,North,Bedrock Add-on,direct,5,260.0,1300.0
101223,2025-04-02,North,Seam Analytics,self-serve,2,712.5,1425.0
101224,2025-04-03,East,Quarry Core,direct,2,480.0,960.0
101225,2025-04-03,West,Quarry Lite,partner,1,102.0,102.0
101226,2025-04-03,North,Bedrock Add-on,direct,3,260.0,780.0
101227,2025-04-03,North,Quarry Lite,direct,1,120.0,120.0
101228,2025-04-03,East,Quarry Lite,direct,10,120.0,1200.0
101229,2025-04-03,South,Quarry Lite,partner,1,102.0,102.0
101230,2025-04-03,East,Quarry Core,self-serve,2,456.0,912.0
101231,2025-04-03,South,Seam Analytics,direct,1,750.0,750.0
101232,2025-04-03,North,Quarry Lite,self-serve,1,114.0,114.0
101233,2025-04-04,East,Quarry Core,direct,1,480.0,480.0
101234,2025-04-04,North,Seam Analytics,self-serve,1,712.5,712.5
101235,2025-04-04,North,Bedrock Add-on,partner,1,221.0,221.0
101236,2025-04-04,West,Quarry Core,direct,1,480.0,480.0
101237,2025-04-04,East,Quarry Core,self-serve,1,456.0,456.0
101238,2025-04-05,East,Bedrock Add-on,direct,3,260.0,780.0
101239,2025-04-05,South,Quarry Lite,self-serve,3,114.0,342.0
101240,2025-04-05,West,Quarry Lite,self-serve,1,114.0,114.0
101241,2025-04-06,East,Bedrock Add-on,partner,1,221.0,221.0
101242,2025-04-06,South,Quarry Core,direct,1,480.0,480.0
101243,2025-04-06,West,Quarry Core,self-serve,3,456.0,1368.0
101244,2025-04-06,South,Quarry Core,partner,1,408.0,408.0
101245,2025-04-07,West,Seam Analytics,self-serve,5,712.5,3562.5
101246,2025-04-07,West,Quarry Lite,direct,3,120.0,360.0
101247,2025-04-07,West,Quarry Core,self-serve,1,456.0,456.0
101248,2025-04-08,West,Quarry Lite,direct,1,120.0,120.0
101249,2025-04-08,East,Seam Analytics,partner,1,637.5,637.5
101250,2025-04-08,North,Seam Analytics,partner,10,637.5,6375.0
101251,2025-04-08,North,Quarry Lite,direct,2,120.0,240.0
101252,2025-04-09,North,Quarry Core,direct,1,480.0,480.0
101253,2025-04-09,West,Bedrock Add-on,self-serve,2,247.0,494.0
101254,2025-04-09,East,Bedrock Add-on,self-serve,3,247.0,741.0
101255,2025-04-09,East,Quarry Lite,partner,5,102.0,510.0
101256,2025-04-09,North,Quarry Lite,self-serve,1,114.0,114.0
101257,2025-04-10,East,Quarry Lite,partner,1,102.0,102.0
101258,2025-04-10,East,Quarry Lite,self-serve,2,114.0,228.0
101259,2025-04-10,East,Quarry Core,direct,1,480.0,480.0
101260,2025-04-10,South,Bedrock Add-on,self-serve,3,247.0,741.0
101261,2025-04-10,East,Bedrock Add-on,partner,1,221.0,221.0
101262,2025-04-11,North,Quarry Core,partner,10,408.0,4080.0
101263,2025-04-11,West,Quarry Core,direct,1,480.0,480.0
101264,2025-04-11,East,Quarry Lite,self-serve,5,114.0,570.0
101265,2025-04-11,South,Quarry Lite,self-serve,2,114.0,228.0
101266,2025-04-11,North,Quarry Core,partner,2,408.0,816.0
101267,2025-04-12,East,Seam Analytics,self-serve,1,712.5,712.5
101268,2025-04-12,East,Seam Analytics,self-serve,1,712.5,712.5
101269,2025-04-14,North,Quarry Core,self-serve,2,456.0,912.0
101270,2025-04-14,South,Seam Analytics,self-serve,10,712.5,7125.0
101271,2025-04-14,East,Quarry Core,direct,3,480.0,1440.0
101272,2025-04-14,South,Bedrock Add-on,direct,2,260.0,520.0
101273,2025-04-14,West,Bedrock Add-on,direct,1,260.0,260.0
101274,2025-04-14,North,Quarry Lite,self-serve,1,114.0,114.0
101275,2025-04-15,East,Quarry Lite,direct,1,120.0,120.0
101276,2025-04-15,West,Seam Analytics,direct,3,750.0,2250.0
101277,2025-04-15,North,Quarry Core,direct,3,480.0,1440.0
101278,2025-04-16,North,Quarry Core,direct,1,480.0,480.0
101279,2025-04-16,North,Bedrock Add-on,partner,1,221.0,221.0
101280,2025-04-16,West,Quarry Core,direct,1,480.0,480.0
101281,2025-04-16,East,Bedrock Add-on,partner,3,221.0,663.0
101282,2025-04-16,East,Seam Analytics,direct,2,750.0,1500.0
101283,2025-04-16,North,Seam Analytics,direct,2,750.0,1500.0
101284,2025-04-17,North,Quarry Lite,direct,2,120.0,240.0
101285,2025-04-17,North,Bedrock Add-on,partner,1,221.0,221.0
101286,2025-04-17,West,Bedrock Add-on,direct,10,260.0,2600.0
101287,2025-04-17,East,Bedrock Add-on,direct,1,260.0,260.0
101288,2025-04-17,West,Bedrock Add-on,partner,1,221.0,221.0
101289,2025-04-17,East,Seam Analytics,direct,2,750.0,1500.0
101290,2025-04-18,East,Bedrock Add-on,self-serve,3,247.0,741.0
101291,2025-04-18,North,Quarry Core,direct,1,480.0,480.0
101292,2025-04-18,East,Quarry Core,direct,2,480.0,960.0
101293,2025-04-19,East,Quarry Core,direct,1,480.0,480.0
101294,2025-04-19,South,Quarry Core,direct,1,480.0,480.0
101295,2025-04-19,East,Quarry Lite,direct,1,120.0,120.0
101296,2025-04-20,West,Quarry Core,partner,1,408.0,408.0
101297,2025-04-20,West,Seam Analytics,partner,2,637.5,1275.0
101298,2025-04-21,East,Quarry Core,direct,1,480.0,480.0
101299,2025-04-21,North,Quarry Core,self-serve,1,456.0,456.0
101300,2025-04-21,North,Bedrock Add-on,partner,2,221.0,442.0
101301,2025-04-21,West,Seam Analytics,self-serve,3,712.5,2137.5
101302,2025-04-21,South,Seam Analytics,self-serve,2,712.5,1425.0
101303,2025-04-21,South,Quarry Core,self-serve,1,456.0,456.0
101304,2025-04-21,West,Quarry Core,partner,2,408.0,816.0
101305,2025-04-22,East,Seam Analytics,direct,1,750.0,750.0
101306,2025-04-22,West,Quarry Core,partner,3,408.0,1224.0
101307,2025-04-22,East,Bedrock Add-on,partner,1,221.0,221.0
101308,2025-04-22,East,Quarry Core,self-serve,1,456.0,456.0
101309,2025-04-22,East,Quarry Core,partner,2,408.0,816.0
101310,2025-04-22,North,Bedrock Add-on,direct,3,260.0,780.0
101311,2025-04-23,South,Quarry Core,self-serve,3,456.0,1368.0
101312,2025-04-23,West,Bedrock Add-on,direct,3,260.0,780.0
101313,2025-04-23,West,Seam Analytics,self-serve,3,712.5,2137.5
101314,2025-04-23,West,Seam Analytics,direct,10,750.0,7500.0
101315,2025-04-24,West,Bedrock Add-on,self-serve,1,247.0,247.0
101316,2025-04-24,East,Seam Analytics,partner,3,637.5,1912.5
101317,2025-04-24,North,Bedrock Add-on,partner,1,221.0,221.0
101318,2025-04-24,West,Seam Analytics,direct,1,750.0,750.0
101319,2025-04-24,West,Quarry Lite,direct,1,120.0,120.0
101320,2025-04-24,East,Quarry Core,self-serve,2,456.0,912.0
101321,2025-04-25,North,Quarry Lite,direct,1,120.0,120.0
101322,2025-04-25,North,Bedrock Add-on,direct,3,260.0,780.0
101323,2025-04-25,East,Quarry Core,direct,2,480.0,960.0
101324,2025-04-25,North,Quarry Core,partner,3,408.0,1224.0
101325,2025-04-25,North,Bedrock Add-on,self-serve,2,247.0,494.0
101326,2025-04-25,East,Seam Analytics,direct,2,750.0,1500.0
101327,2025-04-26,East,Bedrock Add-on,direct,1,260.0,260.0
101328,2025-04-26,South,Quarry Lite,partner,1,102.0,102.0
101329,2025-04-27,East,Quarry Lite,direct,3,120.0,360.0
101330,2025-04-27,East,Quarry Lite,direct,2,120.0,240.0
101331,2025-04-28,North,Quarry Lite,self-serve,1,114.0,114.0
101332,2025-04-28,West,Quarry Lite,partner,1,102.0,102.0
101333,2025-04-28,East,Bedrock Add-on,direct,1,260.0,260.0
101334,2025-04-28,South,Quarry Lite,direct,2,120.0,240.0
101335,2025-04-29,North,Bedrock Add-on,partner,3,221.0,663.0
101336,2025-04-29,West,Quarry Lite,partner,1,102.0,102.0
101337,2025-04-29,East,Seam Analytics,self-serve,3,712.5,2137.5
101338,2025-04-29,North,Quarry Lite,direct,2,120.0,240.0
101339,2025-04-29,North,Quarry Lite,direct,1,120.0,120.0
101340,2025-04-29,North,Bedrock Add-on,direct,2,260.0,520.0
101341,2025-04-30,East,Seam Analytics,partner,5,637.5,3187.5
101342,2025-04-30,North,Bedrock Add-on,self-serve,1,247.0,247.0
101343,2025-04-30,North,Quarry Lite,direct,5,120.0,600.0
101344,2025-04-30,South,Quarry Lite,direct,1,120.0,120.0
101345,2025-04-30,South,Bedrock Add-on,partner,1,221.0,221.0
101346,2025-05-01,North,Seam Analytics,direct,3,750.0,2250.0
101347,2025-05-01,South,Seam Analytics,direct,3,750.0,2250.0
101348,2025-05-01,North,Seam Analytics,direct,1,750.0,750.0
101349,2025-05-01,East,Seam Analytics,self-serve,1,712.5,712.5
101350,2025-05-02,West,Quarry Lite,partner,2,102.0,204.0
101351,2025-05-02,East,Quarry Core,self-serve,1,456.0,456.0
101352,2025-05-02,South,Seam Analytics,partner,2,637.5,1275.0
101353,2025-05-02,South,Bedrock Add-on,partner,3,221.0,663.0
101354,2025-05-02,East,Seam Analytics,direct,3,750.0,2250.0
101355,2025-05-02,North,Quarry Core,direct,1,480.0,480.0
101356,2025-05-02,North,Seam Analytics,direct,1,750.0,750.0
101357,2025-05-03,West,Seam Analytics,direct,2,750.0,1500.0
101358,2025-05-03,South,Bedrock Add-on,partner,1,221.0,221.0
101359,2025-05-04,South,Quarry Core,direct,1,480.0,480.0
101360,2025-05-04,South,Bedrock Add-on,direct,1,260.0,260.0
101361,2025-05-05,East,Bedrock Add-on,direct,1,260.0,260.0
101362,2025-05-05,South,Seam Analytics,direct,1,750.0,750.0
101363,2025-05-05,South,Seam Analytics,self-serve,1,712.5,712.5
101364,2025-05-05,East,Seam Analytics,direct,1,750.0,750.0
101365,2025-05-05,South,Quarry Lite,partner,1,102.0,102.0
101366,2025-05-06,North,Quarry Core,partner,3,408.0,1224.0
101367,2025-05-06,North,Quarry Core,partner,1,408.0,408.0
101368,2025-05-06,East,Quarry Core,partner,1,408.0,408.0
101369,2025-05-07,East,Quarry Core,partner,1,408.0,408.0
101370,2025-05-07,West,Quarry Core,self-serve,1,456.0,456.0
101371,2025-05-07,East,Bedrock Add-on,direct,3,260.0,780.0
101372,2025-05-07,North,Bedrock Add-on,self-serve,1,247.0,247.0
101373,2025-05-07,West,Seam Analytics,self-serve,3,712.5,2137.5
101374,2025-05-07,South,Quarry Lite,direct,1,120.0,120.0
101375,2025-05-07,West,Quarry Lite,partner,5,102.0,510.0
101376,2025-05-08,South,Quarry Lite,direct,1,120.0,120.0
101377,2025-05-08,West,Quarry Lite,partner,3,102.0,306.0
101378,2025-05-08,South,Bedrock Add-on,partner,2,221.0,442.0
101379,2025-05-09,East,Quarry Core,direct,2,480.0,960.0
101380,2025-05-09,West,Quarry Core,partner,1,408.0,408.0
101381,2025-05-09,North,Seam Analytics,partner,1,637.5,637.5
101382,2025-05-09,East,Quarry Lite,direct,3,120.0,360.0
101383,2025-05-10,North,Quarry Core,direct,1,480.0,480.0
101384,2025-05-10,West,Bedrock Add-on,direct,1,260.0,260.0
101385,2025-05-11,West,Seam Analytics,partner,1,637.5,637.5
101386,2025-05-12,East,Quarry Core,partner,1,408.0,408.0
101387,2025-05-12,East,Quarry Core,self-serve,2,456.0,912.0
101388,2025-05-12,North,Quarry Lite,partner,1,102.0,102.0
101389,2025-05-12,North,Seam Analytics,direct,1,750.0,750.0
101390,2025-05-12,East,Quarry Core,direct,3,480.0,1440.0
101391,2025-05-13,South,Bedrock Add-on,direct,2,260.0,520.0
101392,2025-05-13,South,Quarry Core,partner,1,408.0,408.0
101393,2025-05-13,East,Quarry Core,self-serve,1,456.0,456.0
101394,2025-05-13,East,Seam Analytics,direct,10,750.0,7500.0
101395,2025-05-14,East,Bedrock Add-on,direct,1,260.0,260.0
101396,2025-05-14,North,Quarry Core,partner,2,408.0,816.0
101397,2025-05-14,West,Quarry Lite,partner,2,102.0,204.0
101398,2025-05-14,South,Bedrock Add-on,self-serve,3,247.0,741.0
101399,2025-05-14,South,Quarry Core,direct,2,480.0,960.0
101400,2025-05-15,North,Quarry Core,partner,2,408.0,816.0
101401,2025-05-15,North,Quarry Core,direct,2,480.0,960.0
101402,2025-05-15,North,Bedrock Add-on,self-serve,1,247.0,247.0
101403,2025-05-15,North,Quarry Lite,partner,3,102.0,306.0
101404,2025-05-15,East,Quarry Lite,direct,10,120.0,1200.0
101405,2025-05-16,East,Seam Analytics,self-serve,3,712.5,2137.5
101406,2025-05-16,North,Quarry Core,self-serve,3,456.0,1368.0
101407,2025-05-16,South,Seam Analytics,self-serve,3,712.5,2137.5
101408,2025-05-17,South,Quarry Core,direct,5,480.0,2400.0
101409,2025-05-17,North,Bedrock Add-on,direct,1,260.0,260.0
101410,2025-05-17,East,Quarry Core,partner,2,408.0,816.0
101411,2025-05-19,West,Quarry Lite,direct,1,120.0,120.0
101412,2025-05-19,North,Quarry Lite,partner,5,102.0,510.0
101413,2025-05-19,East,Quarry Core,self-serve,1,456.0,456.0
101414,2025-05-19,West,Bedrock Add-on,self-serve,2,247.0,494.0
101415,2025-05-19,North,Seam Analytics,partner,1,637.5,637.5
101416,2025-05-20,West,Seam Analytics,self-serve,1,712.5,712.5
101417,2025-05-20,North,Quarry Core,partner,2,408.0,816.0
101418,2025-05-20,South,Quarry Lite,self-serve,3,114.0,342.0
101419,2025-05-20,East,Seam Analytics,direct,2,750.0,1500.0
101420,2025-05-20,West,Bedrock Add-on,partner,2,221.0,442.0
101421,2025-05-21,North,Bedrock Add-on,partner,2,221.0,442.0
101422,2025-05-21,West,Quarry Lite,self-serve,1,114.0,114.0
101423,2025-05-21,West,Quarry Core,direct,2,480.0,960.0
101424,2025-05-21,North,Seam Analytics,partner,1,637.5,637.5
101425,2025-05-22,West,Seam Analytics,self-serve,2,712.5,1425.0
101426,2025-05-22,North,Seam Analytics,partner,2,637.5,1275.0
101427,2025-05-22,South,Quarry Lite,direct,5,120.0,600.0
101428,2025-05-22,West,Seam Analytics,partner,1,637.5,637.5
101429,2025-05-22,East,Quarry Lite,self-serve,1,114.0,114.0
101430,2025-05-22,North,Quarry Lite,partner,1,102.0,102.0
101431,2025-05-23,North,Seam Analytics,partner,1,637.5,637.5
101432,2025-05-23,South,Bedrock Add-on,self-serve,2,247.0,494.0
101433,2025-05-23,East,Quarry Core,direct,3,480.0,1440.0
101434,2025-05-24,West,Quarry Lite,direct,1,120.0,120.0
101435,2025-05-26,South,Quarry Core,partner,1,408.0,408.0
101436,2025-05-26,West,Quarry Core,self-serve,1,456.0,456.0
101437,2025-05-26,North,Bedrock Add-on,self-serve,1,247.0,247.0
101438,2025-05-26,North,Quarry Lite,partner,1,102.0,102.0
101439,2025-05-27,East,Seam Analytics,direct,2,750.0,1500.0
101440,2025-05-27,South,Bedrock Add-on,self-serve,1,247.0,247.0
101441,2025-05-27,East,Seam Analytics,partner,1,637.5,637.5
101442,2025-05-27,North,Seam Analytics,direct,2,750.0,1500.0
101443,2025-05-27,North,Bedrock Add-on,self-serve,1,247.0,247.0
101444,2025-05-28,South,Seam Analytics,partner,1,637.5,637.5
101445,2025-05-28,East,Quarry Lite,direct,2,120.0,240.0
101446,2025-05-28,West,Seam Analytics,direct,5,750.0,3750.0
101447,2025-05-28,East,Seam Analytics,direct,2,750.0,1500.0
101448,2025-05-29,West,Quarry Lite,direct,2,120.0,240.0
101449,2025-05-29,North,Seam Analytics,self-serve,1,712.5,712.5
101450,2025-05-29,West,Quarry Lite,partner,3,102.0,306.0
101451,2025-05-29,North,Quarry Lite,self-serve,1,114.0,114.0
101452,2025-05-30,North,Quarry Lite,direct,1,120.0,120.0
101453,2025-05-30,East,Quarry Lite,direct,1,120.0,120.0
101454,2025-05-30,East,Quarry Lite,partner,1,102.0,102.0
101455,2025-05-31,North,Bedrock Add-on,direct,1,260.0,260.0
101456,2025-05-31,North,Quarry Lite,self-serve,1,114.0,114.0
101457,2025-05-31,South,Quarry Core,self-serve,2,456.0,912.0
101458,2025-05-31,East,Quarry Core,partner,2,408.0,816.0
101459,2025-06-01,West,Bedrock Add-on,direct,1,260.0,260.0
101460,2025-06-01,West,Seam Analytics,self-serve,3,712.5,2137.5
101461,2025-06-01,North,Seam Analytics,partner,1,637.5,637.5
101462,2025-06-02,North,Bedrock Add-on,direct,1,260.0,260.0
101463,2025-06-02,North,Quarry Lite,self-serve,2,114.0,228.0
101464,2025-06-02,South,Quarry Core,partner,1,408.0,408.0
101465,2025-06-02,East,Seam Analytics,partner,1,637.5,637.5
101466,2025-06-03,West,Quarry Lite,self-serve,1,114.0,114.0
101467,2025-06-03,North,Seam Analytics,direct,3,750.0,2250.0
101468,2025-06-03,North,Bedrock Add-on,self-serve,1,247.0,247.0
101469,2025-06-03,West,Bedrock Add-on,direct,10,260.0,2600.0
101470,2025-06-03,South,Quarry Lite,direct,1,120.0,120.0
101471,2025-06-04,South,Bedrock Add-on,direct,5,260.0,1300.0
101472,2025-06-04,South,Quarry Core,direct,1,480.0,480.0
101473,2025-06-04,East,Quarry Core,self-serve,5,456.0,2280.0
101474,2025-06-04,North,Quarry Core,self-serve,2,456.0,912.0
101475,2025-06-04,North,Seam Analytics,partner,1,637.5,637.5
101476,2025-06-04,West,Seam Analytics,self-serve,1,712.5,712.5
101477,2025-06-05,North,Quarry Lite,direct,1,120.0,120.0
101478,2025-06-05,North,Bedrock Add-on,partner,1,221.0,221.0
101479,2025-06-05,East,Quarry Core,direct,1,480.0,480.0
101480,2025-06-06,West,Quarry Lite,direct,1,120.0,120.0
101481,2025-06-06,West,Bedrock Add-on,self-serve,1,247.0,247.0
101482,2025-06-06,West,Quarry Lite,direct,2,120.0,240.0
101483,2025-06-06,North,Bedrock Add-on,direct,1,260.0,260.0
101484,2025-06-06,West,Quarry Lite,partner,3,102.0,306.0
101485,2025-06-07,South,Quarry Core,partner,10,408.0,4080.0
101486,2025-06-07,North,Quarry Core,direct,1,480.0,480.0
101487,2025-06-07,West,Bedrock Add-on,direct,5,260.0,1300.0
101488,2025-06-09,East,Seam Analytics,self-serve,2,712.5,1425.0
101489,2025-06-09,West,Bedrock Add-on,direct,5,260.0,1300.0
101490,2025-06-09,West,Bedrock Add-on,direct,2,260.0,520.0
101491,2025-06-09,North,Seam Analytics,direct,1,750.0,750.0
101492,2025-06-09,South,Seam Analytics,partner,3,637.5,1912.5
101493,2025-06-09,East,Quarry Core,partner,1,408.0,408.0
101494,2025-06-10,East,Bedrock Add-on,direct,3,260.0,780.0
101495,2025-06-10,South,Quarry Lite,self-serve,5,114.0,570.0
101496,2025-06-10,West,Quarry Lite,direct,3,120.0,360.0
101497,2025-06-10,North,Seam Analytics,partner,1,637.5,637.5
101498,2025-06-10,West,Quarry Core,direct,1,480.0,480.0
101499,2025-06-10,West,Seam Analytics,self-serve,5,712.5,3562.5
101500,2025-06-11,East,Bedrock Add-on,direct,2,260.0,520.0
101501,2025-06-11,West,Bedrock Add-on,partner,1,221.0,221.0
101502,2025-06-11,East,Quarry Core,self-serve,1,456.0,456.0
101503,2025-06-11,North,Quarry Core,direct,2,480.0,960.0
101504,2025-06-12,West,Quarry Lite,self-serve,3,114.0,342.0
101505,2025-06-12,North,Quarry Core,partner,1,408.0,408.0
101506,2025-06-12,East,Seam Analytics,direct,1,750.0,750.0
101507,2025-06-12,South,Bedrock Add-on,direct,3,260.0,780.0
101508,2025-06-13,West,Seam Analytics,self-serve,1,712.5,712.5
101509,2025-06-13,West,Quarry Lite,self-serve,2,114.0,228.0
101510,2025-06-13,East,Quarry Lite,self-serve,1,114.0,114.0
101511,2025-06-13,South,Seam Analytics,partner,5,637.5,3187.5
101512,2025-06-13,East,Bedrock Add-on,direct,2,260.0,520.0
101513,2025-06-13,East,Quarry Core,direct,1,480.0,480.0
101514,2025-06-14,South,Quarry Lite,direct,2,120.0,240.0
101515,2025-06-14,West,Bedrock Add-on,self-serve,2,247.0,494.0
101516,2025-06-15,East,Bedrock Add-on,partner,2,221.0,442.0
101517,2025-06-15,North,Bedrock Add-on,self-serve,3,247.0,741.0
101518,2025-06-16,West,Quarry Lite,partner,2,102.0,204.0
101519,2025-06-16,North,Quarry Lite,self-serve,1,114.0,114.0
101520,2025-06-16,East,Quarry Core,partner,5,408.0,2040.0
101521,2025-06-16,East,Quarry Lite,self-serve,2,114.0,228.0
101522,2025-06-17,East,Quarry Core,partner,3,408.0,1224.0
101523,2025-06-17,West,Quarry Core,partner,3,408.0,1224.0
101524,2025-06-17,West,Bedrock Add-on,partner,2,221.0,442.0
101525,2025-06-17,South,Seam Analytics,self-serve,5,712.5,3562.5
101526,2025-06-17,North,Bedrock Add-on,direct,1,260.0,260.0
101527,2025-06-17,West,Seam Analytics,direct,10,750.0,7500.0
101528,2025-06-18,North,Bedrock Add-on,partner,1,221.0,221.0
101529,2025-06-18,North,Seam Analytics,direct,2,750.0,1500.0
101530,2025-06-18,West,Quarry Lite,direct,1,120.0,120.0
101531,2025-06-19,West,Quarry Lite,self-serve,2,114.0,228.0
101532,2025-06-19,North,Quarry Core,self-serve,1,456.0,456.0
101533,2025-06-19,East,Bedrock Add-on,partner,2,221.0,442.0
101534,2025-06-19,East,Seam Analytics,direct,1,750.0,750.0
101535,2025-06-19,North,Quarry Core,direct,1,480.0,480.0
101536,2025-06-19,North,Bedrock Add-on,partner,3,221.0,663.0
101537,2025-06-19,East,Quarry Core,self-serve,2,456.0,912.0
101538,2025-06-20,East,Bedrock Add-on,partner,3,221.0,663.0
101539,2025-06-20,East,Quarry Core,direct,3,480.0,1440.0
101540,2025-06-20,South,Quarry Core,direct,2,480.0,960.0
101541,2025-06-20,West,Bedrock Add-on,direct,5,260.0,1300.0
101542,2025-06-20,West,Seam Analytics,self-serve,1,712.5,712.5
101543,2025-06-21,North,Bedrock Add-on,partner,2,221.0,442.0
101544,2025-06-21,North,Bedrock Add-on,self-serve,1,247.0,247.0
101545,2025-06-22,North,Quarry Lite,self-serve,1,114.0,114.0
101546,2025-06-23,South,Bedrock Add-on,self-serve,2,247.0,494.0
101547,2025-06-23,North,Bedrock Add-on,direct,1,260.0,260.0
101548,2025-06-23,South,Bedrock Add-on,partner,1,221.0,221.0
101549,2025-06-23,South,Quarry Lite,self-serve,1,114.0,114.0
101550,2025-06-23,North,Quarry Core,partner,2,408.0,816.0
101551,2025-06-23,West,Bedrock Add-on,partner,1,221.0,221.0
101552,2025-06-24,South,Bedrock Add-on,direct,1,260.0,260.0
101553,2025-06-24,South,Bedrock Add-on,self-serve,1,247.0,247.0
101554,2025-06-25,North,Quarry Core,self-serve,3,456.0,1368.0
101555,2025-06-25,South,Seam Analytics,self-serve,3,712.5,2137.5
101556,2025-06-25,East,Seam Analytics,partner,2,637.5,1275.0
101557,2025-06-25,West,Quarry Lite,partner,1,102.0,102.0
101558,2025-06-25,East,Bedrock Add-on,direct,5,260.0,1300.0
101559,2025-06-26,South,Seam Analytics,direct,1,750.0,750.0
101560,2025-06-26,North,Quarry Lite,direct,1,120.0,120.0
101561,2025-06-26,North,Quarry Lite,partner,3,102.0,306.0
101562,2025-06-27,West,Bedrock Add-on,partner,1,221.0,221.0
101563,2025-06-27,North,Seam Analytics,partner,1,637.5,637.5
101564,2025-06-28,East,Seam Analytics,self-serve,1,712.5,712.5
101565,2025-06-28,South,Bedrock Add-on,direct,1,260.0,260.0
101566,2025-06-29,East,Quarry Lite,direct,5,120.0,600.0
101567,2025-06-29,South,Seam Analytics,direct,2,750.0,1500.0
101568,2025-06-30,North,Seam Analytics,self-serve,1,712.5,712.5
101569,2025-06-30,East,Quarry Lite,direct,2,120.0,240.0
101570,2025-06-30,North,Quarry Core,self-serve,1,456.0,456.0
101571,2025-06-30,East,Seam Analytics,self-serve,2,712.5,1425.0
101572,2025-06-30,North,Quarry Lite,direct,5,120.0,600.0
101573,2025-07-01,North,Quarry Core,direct,1,480.0,480.0
101574,2025-07-01,East,Bedrock Add-on,direct,1,260.0,260.0
101575,2025-07-01,East,Quarry Lite,direct,1,120.0,120.0
101576,2025-07-02,North,Quarry Lite,self-serve,1,114.0,114.0
101577,2025-07-02,West,Quarry Core,self-serve,1,456.0,456.0
101578,2025-07-02,West,Bedrock Add-on,direct,5,260.0,1300.0
101579,2025-07-02,West,Seam Analytics,self-serve,1,712.5,712.5
101580,2025-07-03,West,Bedrock Add-on,partner,1,221.0,221.0
101581,2025-07-03,East,Seam Analytics,partner,2,637.5,1275.0
101582,2025-07-03,East,Seam Analytics,direct,2,750.0,1500.0
101583,2025-07-04,North,Bedrock Add-on,partner,3,221.0,663.0
101584,2025-07-04,East,Quarry Core,direct,5,480.0,2400.0
101585,2025-07-04,East,Seam Analytics,self-serve,5,712.5,3562.5
101586,2025-07-06,North,Quarry Core,self-serve,2,456.0,912.0
101587,2025-07-06,East,Bedrock Add-on,partner,10,221.0,2210.0
101588,2025-07-07,East,Quarry Core,direct,1,480.0,480.0
101589,2025-07-07,East,Quarry Lite,partner,5,102.0,510.0
101590,2025-07-07,West,Quarry Core,self-serve,1,456.0,456.0
101591,2025-07-07,North,Quarry Core,partner,10,408.0,4080.0
101592,2025-07-08,West,Quarry Core,partner,1,408.0,408.0
101593,2025-07-08,South,Bedrock Add-on,self-serve,3,247.0,741.0
101594,2025-07-08,North,Seam Analytics,partner,5,637.5,3187.5
101595,2025-07-08,North,Bedrock Add-on,direct,1,260.0,260.0
101596,2025-07-10,East,Quarry Lite,self-serve,1,114.0,114.0
101597,2025-07-10,North,Quarry Core,self-serve,1,456.0,456.0
101598,2025-07-10,North,Quarry Lite,self-serve,3,114.0,342.0
101599,2025-07-10,North,Bedrock Add-on,partner,3,221.0,663.0
101600,2025-07-11,North,Seam Analytics,partner,10,637.5,6375.0
101601,2025-07-11,South,Quarry Core,partner,2,408.0,816.0
101602,2025-07-11,East,Quarry Core,self-serve,1,456.0,456.0
101603,2025-07-11,North,Quarry Core,self-serve,1,456.0,456.0
101604,2025-07-12,East,Seam Analytics,direct,2,750.0,1500.0
101605,2025-07-12,North,Bedrock Add-on,direct,1,260.0,260.0
101606,2025-07-14,South,Bedrock Add-on,partner,3,221.0,663.0
101607,2025-07-14,North,Seam Analytics,self-serve,1,712.5,712.5
101608,2025-07-14,West,Quarry Lite,partner,1,102.0,102.0
101609,2025-07-14,South,Quarry Core,self-serve,5,456.0,2280.0
101610,2025-07-15,West,Quarry Core,direct,2,480.0,960.0
101611,2025-07-15,South,Quarry Lite,direct,1,120.0,120.0
101612,2025-07-15,West,Quarry Lite,direct,2,120.0,240.0
101613,2025-07-15,South,Quarry Core,direct,2,480.0,960.0
101614,2025-07-16,North,Quarry Lite,self-serve,1,114.0,114.0
101615,2025-07-16,East,Quarry Core,partner,1,408.0,408.0
101616,2025-07-16,East,Quarry Core,direct,1,480.0,480.0
101617,2025-07-16,East,Quarry Lite,self-serve,3,114.0,342.0
101618,2025-07-17,West,Bedrock Add-on,partner,2,221.0,442.0
101619,2025-07-17,North,Bedrock Add-on,partner,2,221.0,442.0
101620,2025-07-17,West,Quarry Lite,partner,2,102.0,204.0
101621,2025-07-18,West,Bedrock Add-on,self-serve,1,247.0,247.0
101622,2025-07-18,South,Seam Analytics,direct,1,750.0,750.0
101623,2025-07-18,South,Bedrock Add-on,direct,1,260.0,260.0
101624,2025-07-18,East,Bedrock Add-on,direct,1,260.0,260.0
101625,2025-07-18,West,Quarry Lite,direct,1,120.0,120.0
101626,2025-07-19,North,Quarry Core,direct,3,480.0,1440.0
101627,2025-07-20,South,Quarry Lite,partner,5,102.0,510.0
101628,2025-07-21,West,Bedrock Add-on,partner,1,221.0,221.0
101629,2025-07-21,West,Bedrock Add-on,self-serve,1,247.0,247.0
101630,2025-07-21,North,Quarry Core,self-serve,1,456.0,456.0
101631,2025-07-21,West,Seam Analytics,self-serve,1,712.5,712.5
101632,2025-07-22,West,Bedrock Add-on,self-serve,1,247.0,247.0
101633,2025-07-23,West,Quarry Lite,direct,2,120.0,240.0
101634,2025-07-23,North,Quarry Core,self-serve,2,456.0,912.0
101635,2025-07-24,North,Quarry Core,direct,10,480.0,4800.0
101636,2025-07-24,West,Seam Analytics,self-serve,1,712.5,712.5
101637,2025-07-24,East,Quarry Lite,partner,1,102.0,102.0
101638,2025-07-25,West,Bedrock Add-on,partner,3,221.0,663.0
101639,2025-07-25,North,Quarry Lite,self-serve,1,114.0,114.0
101640,2025-07-26,East,Quarry Lite,direct,1,120.0,120.0
101641,2025-07-26,East,Bedrock Add-on,direct,3,260.0,780.0
101642,2025-07-27,East,Quarry Core,self-serve,1,456.0,456.0
101643,2025-07-28,North,Bedrock Add-on,self-serve,2,247.0,494.0
101644,2025-07-28,South,Quarry Lite,self-serve,1,114.0,114.0
101645,2025-07-28,North,Bedrock Add-on,self-serve,3,247.0,741.0
101646,2025-07-28,West,Seam Analytics,self-serve,1,712.5,712.5
101647,2025-07-28,West,Seam Analytics,direct,1,750.0,750.0
101648,2025-07-29,North,Seam Analytics,self-serve,2,712.5,1425.0
101649,2025-07-29,North,Seam Analytics,direct,1,750.0,750.0
101650,2025-07-29,South,Seam Analytics,partner,1,637.5,637.5
101651,2025-07-29,North,Bedrock Add-on,self-serve,1,247.0,247.0
101652,2025-07-30,East,Quarry Core,self-serve,2,456.0,912.0
101653,2025-07-30,South,Seam Analytics,direct,2,750.0,1500.0
101654,2025-07-30,East,Quarry Core,direct,2,480.0,960.0
101655,2025-07-30,North,Quarry Lite,self-serve,5,114.0,570.0
101656,2025-07-30,North,Seam Analytics,partner,1,637.5,637.5
101657,2025-07-31,South,Seam Analytics,self-serve,1,712.5,712.5
101658,2025-07-31,East,Bedrock Add-on,self-serve,5,247.0,1235.0
101659,2025-07-31,South,Quarry Core,partner,10,408.0,4080.0
101660,2025-08-01,North,Seam Analytics,self-serve,1,712.5,712.5
101661,2025-08-01,West,Bedrock Add-on,direct,1,260.0,260.0
101662,2025-08-01,East,Quarry Core,partner,1,408.0,408.0
101663,2025-08-02,North,Bedrock Add-on,self-serve,2,247.0,494.0
101664,2025-08-02,South,Quarry Lite,self-serve,5,114.0,570.0
101665,2025-08-02,West,Quarry Core,direct,1,480.0,480.0
101666,2025-08-04,North,Seam Analytics,partner,1,637.5,637.5
101667,2025-08-04,East,Quarry Lite,direct,5,120.0,600.0
101668,2025-08-05,South,Seam Analytics,partner,1,637.5,637.5
101669,2025-08-05,North,Seam Analytics,direct,1,750.0,750.0
101670,2025-08-05,North,Quarry Lite,partner,3,102.0,306.0
101671,2025-08-06,East,Seam Analytics,partner,1,637.5,637.5
101672,2025-08-06,East,Seam Analytics,partner,1,637.5,637.5
101673,2025-08-06,South,Seam Analytics,direct,1,750.0,750.0
101674,2025-08-06,North,Bedrock Add-on,direct,1,260.0,260.0
101675,2025-08-07,South,Bedrock Add-on,direct,1,260.0,260.0
101676,2025-08-07,West,Quarry Core,direct,1,480.0,480.0
101677,2025-08-07,South,Bedrock Add-on,partner,3,221.0,663.0
101678,2025-08-08,North,Seam Analytics,direct,1,750.0,750.0
101679,2025-08-08,East,Seam Analytics,direct,1,750.0,750.0
101680,2025-08-08,South,Seam Analytics,direct,1,750.0,750.0
101681,2025-08-09,West,Seam Analytics,direct,3,750.0,2250.0
101682,2025-08-11,North,Bedrock Add-on,self-serve,5,247.0,1235.0
101683,2025-08-12,West,Seam Analytics,direct,2,750.0,1500.0
101684,2025-08-12,South,Bedrock Add-on,self-serve,1,247.0,247.0
101685,2025-08-12,North,Seam Analytics,self-serve,3,712.5,2137.5
101686,2025-08-12,West,Bedrock Add-on,direct,3,260.0,780.0
101687,2025-08-12,East,Seam Analytics,direct,2,750.0,1500.0
101688,2025-08-12,North,Quarry Core,partner,2,408.0,816.0
101689,2025-08-13,West,Seam Analytics,partner,1,637.5,637.5
101690,2025-08-13,North,Seam Analytics,direct,3,750.0,2250.0
101691,2025-08-13,South,Seam Analytics,direct,1,750.0,750.0
101692,2025-08-13,South,Quarry Core,direct,3,480.0,1440.0
101693,2025-08-13,South,Seam Analytics,partner,1,637.5,637.5
101694,2025-08-13,East,Quarry Lite,self-serve,5,114.0,570.0
101695,2025-08-14,West,Quarry Core,partner,3,408.0,1224.0
101696,2025-08-14,South,Bedrock Add-on,self-serve,1,247.0,247.0
101697,2025-08-15,East,Bedrock Add-on,direct,1,260.0,260.0
101698,2025-08-15,North,Seam Analytics,partner,1,637.5,637.5
101699,2025-08-15,West,Bedrock Add-on,direct,1,260.0,260.0
101700,2025-08-15,North,Quarry Core,self-serve,2,456.0,912.0
101701,2025-08-15,East,Quarry Core,partner,3,408.0,1224.0
101702,2025-08-16,North,Bedrock Add-on,direct,1,260.0,260.0
101703,2025-08-17,East,Quarry Core,self-serve,5,456.0,2280.0
101704,2025-08-18,North,Seam Analytics,self-serve,2,712.5,1425.0
101705,2025-08-18,North,Quarry Lite,partner,2,102.0,204.0
101706,2025-08-18,North,Quarry Lite,partner,1,102.0,102.0
101707,2025-08-18,North,Bedrock Add-on,partner,1,221.0,221.0
101708,2025-08-19,North,Quarry Core,direct,2,480.0,960.0
101709,2025-08-19,East,Quarry Core,direct,5,480.0,2400.0
101710,2025-08-19,South,Quarry Core,partner,1,408.0,408.0
101711,2025-08-20,East,Bedrock Add-on,direct,1,260.0,260.0
101712,2025-08-20,North,Bedrock Add-on,self-serve,1,247.0,247.0
101713,2025-08-20,South,Quarry Lite,partner,2,102.0,204.0
101714,2025-08-21,North,Quarry Core,direct,2,480.0,960.0
101715,2025-08-21,South,Bedrock Add-on,direct,1,260.0,260.0
101716,2025-08-21,South,Quarry Core,self-serve,2,456.0,912.0
101717,2025-08-22,North,Quarry Lite,partner,1,102.0,102.0
101718,2025-08-22,East,Quarry Lite,direct,1,120.0,120.0
101719,2025-08-22,East,Bedrock Add-on,direct,1,260.0,260.0
101720,2025-08-23,East,Quarry Lite,direct,1,120.0,120.0
101721,2025-08-25,South,Seam Analytics,partner,1,637.5,637.5
101722,2025-08-25,West,Seam Analytics,direct,1,750.0,750.0
101723,2025-08-25,North,Quarry Core,direct,1,480.0,480.0
101724,2025-08-26,West,Seam Analytics,partner,2,637.5,1275.0
101725,2025-08-26,West,Quarry Lite,direct,1,120.0,120.0
101726,2025-08-26,North,Seam Analytics,self-serve,5,712.5,3562.5
101727,2025-08-27,South,Quarry Core,self-serve,3,456.0,1368.0
101728,2025-08-27,North,Quarry Lite,direct,1,120.0,120.0
101729,2025-08-27,East,Quarry Core,direct,1,480.0,480.0
101730,2025-08-27,East,Quarry Core,direct,2,480.0,960.0
101731,2025-08-27,North,Quarry Lite,direct,1,120.0,120.0
101732,2025-08-28,North,Seam Analytics,direct,1,750.0,750.0
101733,2025-08-28,West,Quarry Core,direct,2,480.0,960.0
101734,2025-08-28,South,Seam Analytics,direct,5,750.0,3750.0
101735,2025-08-29,North,Quarry Core,direct,3,480.0,1440.0
101736,2025-08-29,South,Bedrock Add-on,self-serve,1,247.0,247.0
101737,2025-08-29,North,Quarry Lite,direct,1,120.0,120.0
101738,2025-08-30,South,Seam Analytics,direct,1,750.0,750.0
101739,2025-08-30,East,Seam Analytics,direct,1,750.0,750.0
101740,2025-08-31,East,Bedrock Add-on,partner,2,221.0,442.0
101741,2025-08-31,North,Quarry Lite,direct,1,120.0,120.0
101742,2025-08-31,East,Quarry Core,self-serve,1,456.0,456.0
101743,2025-08-31,West,Bedrock Add-on,partner,1,221.0,221.0
101744,2025-09-01,South,Seam Analytics,partner,1,637.5,637.5
101745,2025-09-01,East,Seam Analytics,direct,2,750.0,1500.0
101746,2025-09-01,South,Seam Analytics,direct,1,750.0,750.0
101747,2025-09-02,South,Bedrock Add-on,self-serve,1,247.0,247.0
101748,2025-09-02,North,Quarry Core,partner,5,408.0,2040.0
101749,2025-09-02,West,Quarry Core,direct,1,480.0,480.0
101750,2025-09-02,West,Quarry Lite,partner,1,102.0,102.0
101751,2025-09-02,East,Quarry Lite,direct,2,120.0,240.0
101752,2025-09-03,West,Bedrock Add-on,partner,2,221.0,442.0
101753,2025-09-04,East,Bedrock Add-on,direct,1,260.0,260.0
101754,2025-09-04,East,Quarry Lite,self-serve,1,114.0,114.0
101755,2025-09-04,North,Quarry Core,partner,1,408.0,408.0
101756,2025-09-04,East,Quarry Lite,direct,3,120.0,360.0
101757,2025-09-04,North,Quarry Lite,direct,1,120.0,120.0
101758,2025-09-04,East,Bedrock Add-on,direct,3,260.0,780.0
101759,2025-09-05,North,Bedrock Add-on,partner,2,221.0,442.0
101760,2025-09-05,West,Seam Analytics,direct,3,750.0,2250.0
101761,2025-09-06,North,Quarry Lite,self-serve,1,114.0,114.0
101762,2025-09-06,West,Quarry Lite,direct,3,120.0,360.0
101763,2025-09-06,North,Quarry Lite,direct,1,120.0,120.0
101764,2025-09-06,North,Quarry Lite,direct,10,120.0,1200.0
101765,2025-09-07,East,Seam Analytics,self-serve,1,712.5,712.5
101766,2025-09-08,East,Seam Analytics,partner,1,637.5,637.5
101767,2025-09-08,North,Quarry Core,partner,2,408.0,816.0
101768,2025-09-08,North,Seam Analytics,self-serve,1,712.5,712.5
101769,2025-09-08,South,Quarry Core,partner,1,408.0,408.0
101770,2025-09-09,South,Bedrock Add-on,direct,1,260.0,260.0
101771,2025-09-09,North,Quarry Lite,partner,1,102.0,102.0
101772,2025-09-09,West,Quarry Lite,self-serve,2,114.0,228.0
101773,2025-09-09,North,Bedrock Add-on,self-serve,1,247.0,247.0
101774,2025-09-10,North,Quarry Lite,direct,3,120.0,360.0
101775,2025-09-10,North,Quarry Core,direct,1,480.0,480.0
101776,2025-09-10,East,Seam Analytics,partner,1,637.5,637.5
101777,2025-09-11,North,Quarry Lite,self-serve,2,114.0,228.0
101778,2025-09-11,North,Quarry Lite,self-serve,1,114.0,114.0
101779,2025-09-11,South,Seam Analytics,direct,1,750.0,750.0
101780,2025-09-12,South,Seam Analytics,direct,3,750.0,2250.0
101781,2025-09-13,South,Quarry Core,direct,5,480.0,2400.0
101782,2025-09-13,East,Quarry Lite,partner,2,102.0,204.0
101783,2025-09-14,North,Quarry Lite,partner,3,102.0,306.0
101784,2025-09-15,West,Quarry Core,partner,2,408.0,816.0
101785,2025-09-15,East,Seam Analytics,direct,10,750.0,7500.0
101786,2025-09-16,West,Seam Analytics,self-serve,1,712.5,712.5
101787,2025-09-16,East,Quarry Lite,self-serve,2,114.0,228.0
101788,2025-09-16,South,Quarry Lite,direct,1,120.0,120.0
101789,2025-09-17,North,Quarry Lite,direct,1,120.0,120.0
101790,2025-09-17,North,Quarry Core,direct,1,480.0,480.0
101791,2025-09-18,North,Seam Analytics,self-serve,3,712.5,2137.5
101792,2025-09-18,East,Quarry Core,self-serve,2,456.0,912.0
101793,2025-09-18,West,Quarry Core,direct,3,480.0,1440.0
101794,2025-09-18,South,Bedrock Add-on,direct,1,260.0,260.0
101795,2025-09-18,North,Quarry Lite,direct,1,120.0,120.0
101796,2025-09-19,South,Quarry Core,direct,2,480.0,960.0
101797,2025-09-20,North,Seam Analytics,partner,5,637.5,3187.5
101798,2025-09-21,West,Bedrock Add-on,direct,1,260.0,260.0
101799,2025-09-22,East,Quarry Lite,partner,5,102.0,510.0
101800,2025-09-22,North,Quarry Core,direct,5,480.0,2400.0
101801,2025-09-23,East,Quarry Lite,direct,1,120.0,120.0
101802,2025-09-23,North,Bedrock Add-on,self-serve,5,247.0,1235.0
101803,2025-09-23,North,Seam Analytics,direct,2,750.0,1500.0
101804,2025-09-24,East,Quarry Lite,partner,1,102.0,102.0
101805,2025-09-24,North,Bedrock Add-on,direct,1,260.0,260.0
101806,2025-09-24,South,Quarry Core,direct,2,480.0,960.0
101807,2025-09-24,South,Quarry Lite,direct,2,120.0,240.0
101808,2025-09-25,South,Quarry Lite,partner,1,102.0,102.0
101809,2025-09-25,North,Seam Analytics,direct,3,750.0,2250.0
101810,2025-09-26,West,Bedrock Add-on,direct,3,260.0,780.0
101811,2025-09-28,West,Quarry Lite,self-serve,2,114.0,228.0
101812,2025-09-29,East,Seam Analytics,partner,1,637.5,637.5
101813,2025-09-29,East,Quarry Lite,self-serve,3,114.0,342.0
101814,2025-09-30,North,Seam Analytics,direct,5,750.0,3750.0
101815,2025-09-30,East,Quarry Lite,direct,1,120.0,120.0
101816,2025-10-01,South,Seam Analytics,self-serve,2,712.5,1425.0
101817,2025-10-01,South,Quarry Core,self-serve,1,456.0,456.0
101818,2025-10-02,North,Quarry Core,direct,1,480.0,480.0
101819,2025-10-02,South,Quarry Core,direct,3,480.0,1440.0
101820,2025-10-03,South,Quarry Lite,partner,1,102.0,102.0
101821,2025-10-03,West,Quarry Lite,direct,1,120.0,120.0
101822,2025-10-03,North,Quarry Lite,direct,3,120.0,360.0
101823,2025-10-03,South,Quarry Lite,direct,2,120.0,240.0
101824,2025-10-04,East,Bedrock Add-on,self-serve,1,247.0,247.0
101825,2025-10-05,North,Bedrock Add-on,direct,1,260.0,260.0
101826,2025-10-05,West,Seam Analytics,direct,2,750.0,1500.0
101827,2025-10-06,South,Quarry Lite,self-serve,3,114.0,342.0
101828,2025-10-06,North,Quarry Core,direct,1,480.0,480.0
101829,2025-10-06,East,Quarry Lite,self-serve,2,114.0,228.0
101830,2025-10-07,North,Quarry Core,partner,1,408.0,408.0
101831,2025-10-07,West,Quarry Lite,direct,1,120.0,120.0
101832,2025-10-07,South,Quarry Lite,direct,2,120.0,240.0
101833,2025-10-08,South,Quarry Lite,partner,5,102.0,510.0
101834,2025-10-08,East,Quarry Core,direct,1,480.0,480.0
101835,2025-10-09,North,Quarry Core,direct,3,480.0,1440.0
101836,2025-10-09,North,Quarry Lite,direct,1,120.0,120.0
101837,2025-10-09,West,Bedrock Add-on,self-serve,1,247.0,247.0
101838,2025-10-10,North,Seam Analytics,direct,10,750.0,7500.0
101839,2025-10-10,West,Quarry Lite,self-serve,1,114.0,114.0
101840,2025-10-11,East,Seam Analytics,partner,1,637.5,637.5
101841,2025-10-11,East,Quarry Lite,direct,1,120.0,120.0
101842,2025-10-11,South,Bedrock Add-on,self-serve,1,247.0,247.0
101843,2025-10-13,North,Quarry Lite,partner,1,102.0,102.0
101844,2025-10-13,South,Bedrock Add-on,direct,5,260.0,1300.0
101845,2025-10-13,North,Bedrock Add-on,direct,2,260.0,520.0
101846,2025-10-13,North,Seam Analytics,self-serve,1,712.5,712.5
101847,2025-10-14,South,Quarry Lite,partner,1,102.0,102.0
101848,2025-10-14,South,Bedrock Add-on,self-serve,1,247.0,247.0
101849,2025-10-14,West,Bedrock Add-on,direct,2,260.0,520.0
101850,2025-10-15,East,Quarry Core,direct,5,480.0,2400.0
101851,2025-10-15,North,Quarry Lite,direct,2,120.0,240.0
101852,2025-10-15,East,Bedrock Add-on,direct,5,260.0,1300.0
101853,2025-10-16,West,Quarry Lite,direct,1,120.0,120.0
101854,2025-10-16,West,Seam Analytics,partner,1,637.5,637.5
101855,2025-10-17,East,Quarry Core,direct,1,480.0,480.0
101856,2025-10-17,West,Bedrock Add-on,self-serve,1,247.0,247.0
101857,2025-10-19,North,Seam Analytics,direct,2,750.0,1500.0
101858,2025-10-19,West,Quarry Lite,self-serve,3,114.0,342.0
101859,2025-10-19,South,Quarry Lite,self-serve,1,114.0,114.0
101860,2025-10-19,East,Quarry Core,direct,1,480.0,480.0
101861,2025-10-20,South,Quarry Lite,self-serve,2,114.0,228.0
101862,2025-10-20,North,Bedrock Add-on,self-serve,1,247.0,247.0
101863,2025-10-21,East,Seam Analytics,self-serve,5,712.5,3562.5
101864,2025-10-22,East,Bedrock Add-on,direct,1,260.0,260.0
101865,2025-10-22,West,Quarry Core,self-serve,1,456.0,456.0
101866,2025-10-22,South,Bedrock Add-on,direct,3,260.0,780.0
101867,2025-10-23,North,Seam Analytics,direct,10,750.0,7500.0
101868,2025-10-23,North,Bedrock Add-on,direct,2,260.0,520.0
101869,2025-10-23,North,Quarry Core,direct,1,480.0,480.0
101870,2025-10-23,North,Bedrock Add-on,self-serve,1,247.0,247.0
101871,2025-10-24,North,Bedrock Add-on,direct,1,260.0,260.0
101872,2025-10-24,East,Seam Analytics,self-serve,1,712.5,712.5
101873,2025-10-24,East,Quarry Core,self-serve,1,456.0,456.0
101874,2025-10-24,East,Quarry Lite,direct,3,120.0,360.0
101875,2025-10-27,West,Bedrock Add-on,direct,1,260.0,260.0
101876,2025-10-27,South,Quarry Core,partner,1,408.0,408.0
101877,2025-10-27,South,Seam Analytics,direct,1,750.0,750.0
101878,2025-10-28,West,Bedrock Add-on,self-serve,3,247.0,741.0
101879,2025-10-29,West,Seam Analytics,partner,2,637.5,1275.0
101880,2025-10-29,South,Quarry Core,direct,1,480.0,480.0
101881,2025-10-30,East,Quarry Core,direct,1,480.0,480.0
101882,2025-10-30,North,Quarry Lite,direct,1,120.0,120.0
101883,2025-10-30,North,Seam Analytics,direct,5,750.0,3750.0
101884,2025-10-31,North,Quarry Lite,self-serve,1,114.0,114.0
101885,2025-10-31,West,Quarry Lite,self-serve,10,114.0,1140.0
101886,2025-10-31,North,Quarry Lite,direct,2,120.0,240.0
101887,2025-11-02,East,Seam Analytics,direct,3,750.0,2250.0
101888,2025-11-03,West,Bedrock Add-on,partner,1,221.0,221.0
101889,2025-11-03,North,Seam Analytics,direct,2,750.0,1500.0
101890,2025-11-03,West,Quarry Lite,self-serve,1,114.0,114.0
101891,2025-11-04,North,Quarry Lite,self-serve,3,114.0,342.0
101892,2025-11-04,North,Bedrock Add-on,direct,1,260.0,260.0
101893,2025-11-04,West,Quarry Lite,direct,1,120.0,120.0
101894,2025-11-05,East,Bedrock Add-on,self-serve,1,247.0,247.0
101895,2025-11-05,East,Quarry Core,direct,1,480.0,480.0
101896,2025-11-05,East,Quarry Lite,self-serve,2,114.0,228.0
101897,2025-11-06,North,Quarry Lite,partner,2,102.0,204.0
101898,2025-11-06,North,Seam Analytics,partner,3,637.5,1912.5
101899,2025-11-06,South,Quarry Core,self-serve,2,456.0,912.0
101900,2025-11-06,North,Quarry Lite,self-serve,5,114.0,570.0
101901,2025-11-06,North,Quarry Core,self-serve,10,456.0,4560.0
101902,2025-11-07,East,Quarry Lite,self-serve,3,114.0,342.0
101903,2025-11-07,North,Seam Analytics,self-serve,1,712.5,712.5
101904,2025-11-07,North,Quarry Core,direct,3,480.0,1440.0
101905,2025-11-07,East,Quarry Core,direct,1,480.0,480.0
101906,2025-11-08,North,Seam Analytics,partner,3,637.5,1912.5
101907,2025-11-10,North,Seam Analytics,direct,2,750.0,1500.0
101908,2025-11-10,West,Quarry Lite,direct,1,120.0,120.0
101909,2025-11-10,South,Seam Analytics,self-serve,2,712.5,1425.0
101910,2025-11-10,East,Quarry Core,direct,1,480.0,480.0
101911,2025-11-11,North,Seam Analytics,partner,1,637.5,637.5
101912,2025-11-11,East,Seam Analytics,self-serve,1,712.5,712.5
101913,2025-11-12,North,Quarry Core,direct,1,480.0,480.0
101914,2025-11-12,North,Quarry Lite,partner,5,102.0,510.0
101915,2025-11-12,North,Seam Analytics,self-serve,1,712.5,712.5
101916,2025-11-12,East,Quarry Lite,direct,5,120.0,600.0
101917,2025-11-12,West,Seam Analytics,self-serve,5,712.5,3562.5
101918,2025-11-13,North,Bedrock Add-on,direct,1,260.0,260.0
101919,2025-11-13,West,Quarry Core,partner,10,408.0,4080.0
101920,2025-11-13,North,Bedrock Add-on,direct,2,260.0,520.0
101921,2025-11-13,West,Seam Analytics,self-serve,2,712.5,1425.0
101922,2025-11-13,East,Quarry Core,direct,1,480.0,480.0
101923,2025-11-14,North,Quarry Lite,direct,2,120.0,240.0
101924,2025-11-14,East,Quarry Core,direct,1,480.0,480.0
101925,2025-11-15,West,Quarry Core,partner,2,408.0,816.0
101926,2025-11-17,North,Quarry Lite,partner,1,102.0,102.0
101927,2025-11-17,East,Quarry Core,self-serve,10,456.0,4560.0
101928,2025-11-17,West,Quarry Core,self-serve,1,456.0,456.0
101929,2025-11-18,North,Quarry Core,direct,3,480.0,1440.0
101930,2025-11-19,West,Seam Analytics,direct,2,750.0,1500.0
101931,2025-11-19,North,Quarry Core,partner,1,408.0,408.0
101932,2025-11-20,South,Quarry Lite,self-serve,5,114.0,570.0
101933,2025-11-20,West,Quarry Lite,self-serve,1,114.0,114.0
101934,2025-11-20,East,Quarry Core,partner,3,408.0,1224.0
101935,2025-11-21,South,Seam Analytics,partner,1,637.5,637.5
101936,2025-11-21,North,Quarry Lite,direct,1,120.0,120.0
101937,2025-11-21,West,Bedrock Add-on,direct,1,260.0,260.0
101938,2025-11-21,North,Quarry Lite,direct,3,120.0,360.0
101939,2025-11-23,North,Quarry Core,direct,1,480.0,480.0
101940,2025-11-23,East,Quarry Core,direct,1,480.0,480.0
101941,2025-11-23,East,Quarry Lite,direct,1,120.0,120.0
101942,2025-11-24,South,Quarry Core,direct,10,480.0,4800.0
101943,2025-11-24,South,Quarry Lite,direct,2,120.0,240.0
101944,2025-11-24,North,Bedrock Add-on,self-serve,1,247.0,247.0
101945,2025-11-24,South,Seam Analytics,partner,2,637.5,1275.0
101946,2025-11-25,North,Seam Analytics,direct,1,750.0,750.0
101947,2025-11-25,North,Seam Analytics,partner,1,637.5,637.5
101948,2025-11-25,North,Quarry Core,direct,1,480.0,480.0
101949,2025-11-25,East,Bedrock Add-on,self-serve,1,247.0,247.0
101950,2025-11-25,West,Quarry Lite,direct,3,120.0,360.0
101951,2025-11-26,South,Quarry Core,direct,1,480.0,480.0
101952,2025-11-27,West,Quarry Lite,self-serve,1,114.0,114.0
101953,2025-11-27,North,Seam Analytics,partner,1,637.5,637.5
101954,2025-11-27,West,Seam Analytics,partner,1,637.5,637.5
101955,2025-11-28,North,Seam Analytics,direct,2,750.0,1500.0
101956,2025-11-28,East,Quarry Lite,direct,2,120.0,240.0
101957,2025-11-30,North,Bedrock Add-on,partner,1,221.0,221.0
101958,2025-11-30,North,Quarry Core,self-serve,1,456.0,456.0
101959,2025-12-01,South,Quarry Lite,direct,5,120.0,600.0
101960,2025-12-01,North,Bedrock Add-on,partner,10,221.0,2210.0
101961,2025-12-01,West,Bedrock Add-on,self-serve,10,247.0,2470.0
101962,2025-12-01,West,Seam Analytics,direct,10,750.0,7500.0
101963,2025-12-02,North,Bedrock Add-on,direct,1,260.0,260.0
101964,2025-12-02,West,Quarry Lite,direct,1,120.0,120.0
101965,2025-12-03,North,Quarry Lite,self-serve,3,114.0,342.0
101966,2025-12-03,West,Quarry Lite,direct,2,120.0,240.0
101967,2025-12-03,North,Bedrock Add-on,partner,5,221.0,1105.0
101968,2025-12-04,East,Quarry Lite,self-serve,3,114.0,342.0
101969,2025-12-04,South,Quarry Lite,partner,1,102.0,102.0
101970,2025-12-04,North,Quarry Lite,direct,2,120.0,240.0
101971,2025-12-05,South,Bedrock Add-on,direct,3,260.0,780.0
101972,2025-12-05,West,Seam Analytics,partner,1,637.5,637.5
101973,2025-12-05,East,Quarry Core,direct,5,480.0,2400.0
101974,2025-12-07,East,Seam Analytics,direct,1,750.0,750.0
101975,2025-12-08,North,Quarry Core,direct,10,480.0,4800.0
101976,2025-12-08,North,Quarry Lite,self-serve,1,114.0,114.0
101977,2025-12-09,West,Quarry Core,partner,10,408.0,4080.0
101978,2025-12-09,West,Quarry Lite,direct,5,120.0,600.0
101979,2025-12-09,South,Bedrock Add-on,partner,3,221.0,663.0
101980,2025-12-09,South,Seam Analytics,self-serve,1,712.5,712.5
101981,2025-12-09,East,Seam Analytics,direct,3,750.0,2250.0
101982,2025-12-10,West,Seam Analytics,direct,1,750.0,750.0
101983,2025-12-10,North,Quarry Lite,direct,1,120.0,120.0
101984,2025-12-10,East,Quarry Lite,direct,1,120.0,120.0
101985,2025-12-10,West,Bedrock Add-on,direct,3,260.0,780.0
101986,2025-12-11,North,Quarry Core,direct,5,480.0,2400.0
101987,2025-12-11,West,Bedrock Add-on,self-serve,5,247.0,1235.0
101988,2025-12-11,East,Bedrock Add-on,self-serve,1,247.0,247.0
101989,2025-12-12,East,Quarry Lite,direct,1,120.0,120.0
101990,2025-12-12,North,Quarry Lite,direct,1,120.0,120.0
101991,2025-12-12,North,Bedrock Add-on,direct,1,260.0,260.0
101992,2025-12-13,North,Quarry Core,partner,10,408.0,4080.0
101993,2025-12-13,North,Quarry Core,self-serve,1,456.0,456.0
101994,2025-12-14,South,Quarry Core,partner,1,408.0,408.0
101995,2025-12-14,North,Quarry Core,direct,1,480.0,480.0
101996,2025-12-15,North,Quarry Core,partner,2,408.0,816.0
101997,2025-12-15,East,Quarry Core,partner,10,408.0,4080.0
101998,2025-12-15,West,Quarry Lite,self-serve,3,114.0,342.0
101999,2025-12-15,North,Quarry Lite,self-serve,1,114.0,114.0
102000,2025-12-15,West,Quarry Lite,self-serve,2,114.0,228.0
102001,2025-12-16,North,Quarry Core,self-serve,1,456.0,456.0
102002,2025-12-16,West,Quarry Lite,partner,1,102.0,102.0
102003,2025-12-16,East,Bedrock Add-on,partner,1,221.0,221.0
102004,2025-12-16,East,Bedrock Add-on,partner,10,221.0,2210.0
102005,2025-12-16,North,Bedrock Add-on,direct,3,260.0,780.0
102006,2025-12-17,South,Bedrock Add-on,self-serve,2,247.0,494.0
102007,2025-12-17,South,Quarry Lite,direct,1,120.0,120.0
102008,2025-12-17,West,Quarry Core,self-serve,3,456.0,1368.0
102009,2025-12-18,North,Bedrock Add-on,direct,5,260.0,1300.0
102010,2025-12-18,West,Quarry Lite,direct,1,120.0,120.0
102011,2025-12-18,South,Quarry Core,direct,1,480.0,480.0
102012,2025-12-19,South,Quarry Core,direct,1,480.0,480.0
102013,2025-12-19,West,Quarry Lite,partner,1,102.0,102.0
102014,2025-12-19,North,Seam Analytics,partner,1,637.5,637.5
102015,2025-12-19,South,Seam Analytics,self-serve,1,712.5,712.5
102016,2025-12-19,North,Seam Analytics,partner,1,637.5,637.5
102017,2025-12-21,East,Seam Analytics,partner,2,637.5,1275.0
102018,2025-12-21,South,Quarry Lite,partner,1,102.0,102.0
102019,2025-12-21,East,Bedrock Add-on,partner,3,221.0,663.0
102020,2025-12-21,North,Quarry Core,direct,1,480.0,480.0
102021,2025-12-22,East,Quarry Core,self-serve,1,456.0,456.0
102022,2025-12-22,North,Bedrock Add-on,direct,1,260.0,260.0
102023,2025-12-22,East,Seam Analytics,self-serve,1,712.5,712.5
102024,2025-12-22,West,Bedrock Add-on,self-serve,1,247.0,247.0
102025,2025-12-23,North,Quarry Core,self-serve,10,456.0,4560.0
102026,2025-12-23,North,Bedrock Add-on,direct,2,260.0,520.0
102027,2025-12-23,East,Bedrock Add-on,partner,1,221.0,221.0
102028,2025-12-23,West,Quarry Lite,partner,1,102.0,102.0
102029,2025-12-23,East,Quarry Core,direct,1,480.0,480.0
102030,2025-12-23,South,Bedrock Add-on,partner,1,221.0,221.0
102031,2025-12-24,East,Seam Analytics,self-serve,2,712.5,1425.0
102032,2025-12-24,East,Seam Analytics,partner,2,637.5,1275.0
102033,2025-12-24,East,Bedrock Add-on,self-serve,2,247.0,494.0
102034,2025-12-24,North,Quarry Lite,direct,3,120.0,360.0
102035,2025-12-24,South,Quarry Core,direct,5,480.0,2400.0
102036,2025-12-24,South,Seam Analytics,self-serve,5,712.5,3562.5
102037,2025-12-25,East,Seam Analytics,direct,1,750.0,750.0
102038,2025-12-25,East,Seam Analytics,partner,3,637.5,1912.5
102039,2025-12-25,South,Quarry Core,self-serve,1,456.0,456.0
102040,2025-12-25,West,Quarry Core,self-serve,1,456.0,456.0
102041,2025-12-25,West,Seam Analytics,direct,2,750.0,1500.0
102042,2025-12-25,West,Quarry Core,direct,3,480.0,1440.0
102043,2025-12-26,North,Bedrock Add-on,direct,1,260.0,260.0
102044,2025-12-26,South,Seam Analytics,direct,1,750.0,750.0
102045,2025-12-26,South,Bedrock Add-on,partner,2,221.0,442.0
102046,2025-12-27,South,Quarry Lite,self-serve,1,114.0,114.0
102047,2025-12-27,North,Seam Analytics,direct,1,750.0,750.0
102048,2025-12-28,West,Seam Analytics,self-serve,1,712.5,712.5
102049,2025-12-28,South,Quarry Lite,partner,2,102.0,204.0
102050,2025-12-28,North,Quarry Lite,self-serve,1,114.0,114.0
102051,2025-12-29,South,Quarry Lite,direct,3,120.0,360.0
102052,2025-12-29,North,Quarry Lite,direct,1,120.0,120.0
102053,2025-12-29,North,Quarry Core,partner,1,408.0,408.0
102054,2025-12-29,South,Seam Analytics,partner,1,637.5,637.5
102055,2025-12-29,East,Quarry Core,partner,3,408.0,1224.0
102056,2025-12-30,South,Bedrock Add-on,direct,10,260.0,2600.0
102057,2025-12-30,East,Seam Analytics,partner,1,637.5,637.5
102058,2025-12-30,North,Bedrock Add-on,partner,3,221.0,663.0
102059,2025-12-30,East,Bedrock Add-on,self-serve,2,247.0,494.0
102060,2025-12-30,East,Seam Analytics,direct,1,750.0,750.0
102061,2025-12-30,North,Bedrock Add-on,partner,2,221.0,442.0
102062,2025-12-31,North,Seam Analytics,partner,2,637.5,1275.0
102063,2025-12-31,North,Seam Analytics,partner,1,637.5,637.5
102064,2025-12-31,North,Quarry Core,partner,5,408.0,2040.0
102065,2025-12-31,West,Quarry Lite,self-serve,3,114.0,342.0
